transaction_id,date,gender,age,age_group,product_category,quantity,price_per_unit,total_amount,unnamed:_9,unnamed:_10,unnamed:_11,unnamed:_12,unnamed:_13,unnamed:_14,unnamed:_15,unnamed:_16,min_age,max_age,avg_age,total_sales_revenue,average_order_value,category,sales
1,2023-11-24,Male,34,Middle Age,Beauty,3,50,150,,,,,,,,,18.0,64.0,41.0,456000.0,456.0,Electronics,156905.0
2,2023-02-27,Female,26,Adolescent,Clothing,2,500,1000,,,,,,,,,,,,,,Clothing,155580.0
3,2023-01-13,Male,50,Middle Age,Electronics,1,30,30,,,,,,,,,,,,,,Beauty,143515.0
4,2023-05-21,Male,37,Middle Age,Clothing,1,500,500,,,,,,,,,,,,,,nan,
5,2023-05-06,Male,30,Adolescent,Beauty,2,50,100,,,,,,,,,,,,,,nan,
6,2023-04-25,Female,45,Middle Age,Beauty,1,30,30,,,,,,,,,,,,,,nan,
7,2023-03-13,Male,46,Middle Age,Clothing,2,25,50,,,,,,,,,,,,,,nan,
8,2023-02-22,Male,30,Adolescent,Electronics,4,25,100,,,,,,,,,,,,,,nan,
9,2023-12-13,Male,63,Old,Electronics,2,300,600,,,,,,,,,,,,,,nan,
10,2023-10-07,Female,52,Middle Age,Clothing,4,50,200,,,,,,,,,,,,,,nan,
11,2023-02-14,Male,23,Adolescent,Clothing,2,50,100,,,,,,,,,,,,,,nan,
12,2023-10-30,Male,35,Middle Age,Beauty,3,25,75,,,,,,,,,,,,,,nan,
13,2023-08-05,Male,22,Adolescent,Electronics,3,500,1500,,,,,,,,,,,,,,nan,
14,2023-01-17,Male,64,Old,Clothing,4,30,120,,,,,,,,,,,,,,nan,
15,2023-01-16,Female,42,Middle Age,Electronics,4,500,2000,,,,,,,,,,,,,,nan,
16,2023-02-17,Male,19,Adolescent,Clothing,3,500,1500,,,,,,,,,,,,,,nan,
17,2023-04-22,Female,27,Adolescent,Clothing,4,25,100,,,,,,,,,,,,,,nan,
18,2023-04-30,Female,47,Middle Age,Electronics,2,25,50,,,,,,,,,,,,,,nan,
19,2023-09-16,Female,62,Old,Clothing,2,25,50,,,,,,,,,,,,,,nan,
20,2023-11-05,Male,22,Adolescent,Clothing,3,300,900,,,,,,,,,,,,,,nan,
21,2023-01-14,Female,50,Middle Age,Beauty,1,500,500,,,,,,,,,,,,,,nan,
22,2023-10-15,Male,18,Adolescent,Clothing,2,50,100,,,,,,,,,,,,,,nan,
23,2023-04-12,Female,35,Middle Age,Clothing,4,30,120,,,,,,,,,,,,,,nan,
24,2023-11-29,Female,49,Middle Age,Clothing,1,300,300,,,,,,,,,,,,,,nan,
25,2023-12-26,Female,64,Old,Beauty,1,50,50,,,,,,,,,,,,,,nan,
26,2023-10-07,Female,28,Adolescent,Electronics,2,500,1000,,,,,,,,,,,,,,nan,
27,2023-08-03,Female,38,Middle Age,Beauty,2,25,50,,,,,,,,,,,,,,nan,
28,2023-04-23,Female,43,Middle Age,Beauty,1,500,500,,,,,,,,,,,,,,nan,
29,2023-08-18,Female,42,Middle Age,Electronics,1,30,30,,,,,,,,,,,,,,nan,
30,2023-10-29,Female,39,Middle Age,Beauty,3,300,900,,,,,,,,,,,,,,nan,
31,2023-05-23,Male,44,Middle Age,Electronics,4,300,1200,,,,,,,,,,,,,,nan,
32,2023-01-04,Male,30,Adolescent,Beauty,3,30,90,,,,,,,,,,,,,,nan,
33,2023-03-23,Female,50,Middle Age,Electronics,2,50,100,,,,,,,,,,,,,,nan,
34,2023-12-24,Female,51,Middle Age,Clothing,3,50,150,,,,,,,,,,,,,,nan,
35,2023-08-05,Female,58,Old,Beauty,3,300,900,,,,,,,,,,,,,,nan,
36,2023-06-24,Male,52,Middle Age,Beauty,3,300,900,,,,,,,,,,,,,,nan,
37,2023-05-23,Female,18,Adolescent,Beauty,3,25,75,,,,,,,,,,,,,,nan,
38,2023-03-21,Male,38,Middle Age,Beauty,4,50,200,,,,,,,,,,,,,,nan,
39,2023-04-21,Male,23,Adolescent,Clothing,4,30,120,,,,,,,,,,,,,,nan,
40,2023-06-22,Male,45,Middle Age,Beauty,1,50,50,,,,,,,,,,,,,,nan,
41,2023-02-22,Male,34,Middle Age,Clothing,2,25,50,,,,,,,,,,,,,,nan,
42,2023-02-17,Male,22,Adolescent,Clothing,3,300,900,,,,,,,,,,,,,,nan,
43,2023-07-14,Female,48,Middle Age,Clothing,1,300,300,,,,,,,,,,,,,,nan,
44,2023-02-19,Female,22,Adolescent,Clothing,1,25,25,,,,,,,,,,,,,,nan,
45,2023-07-03,Female,55,Old,Electronics,1,30,30,,,,,,,,,,,,,,nan,
46,2023-06-26,Female,20,Adolescent,Electronics,4,300,1200,,,,,,,,,,,,,,nan,
47,2023-11-06,Female,40,Middle Age,Beauty,3,500,1500,,,,,,,,,,,,,,nan,
48,2023-05-16,Male,54,Middle Age,Electronics,3,300,900,,,,,,,,,,,,,,nan,
49,2023-01-23,Female,54,Middle Age,Electronics,2,500,1000,,,,,,,,,,,,,,nan,
50,2023-08-24,Female,27,Adolescent,Beauty,3,25,75,,,,,,,,,,,,,,nan,
51,2023-10-02,Male,27,Adolescent,Beauty,3,25,75,,,,,,,,,,,,,,nan,
52,2023-03-05,Female,36,Middle Age,Beauty,1,300,300,,,,,,,,,,,,,,nan,
53,2023-07-13,Male,34,Middle Age,Electronics,2,50,100,,,,,,,,,,,,,,nan,
54,2023-02-10,Female,38,Middle Age,Electronics,3,500,1500,,,,,,,,,,,,,,nan,
55,2023-10-10,Male,31,Adolescent,Beauty,4,30,120,,,,,,,,,,,,,,nan,
56,2023-05-31,Female,26,Adolescent,Clothing,3,300,900,,,,,,,,,,,,,,nan,
57,2023-11-18,Female,63,Old,Beauty,1,30,30,,,,,,,,,,,,,,nan,
58,2023-11-13,Male,18,Adolescent,Clothing,4,300,1200,,,,,,,,,,,,,,nan,
59,2023-07-05,Male,62,Old,Clothing,1,50,50,,,,,,,,,,,,,,nan,
60,2023-10-23,Male,30,Adolescent,Beauty,3,50,150,,,,,,,,,,,,,,nan,
61,2023-04-09,Male,21,Adolescent,Beauty,4,50,200,,,,,,,,,,,,,,nan,
62,2023-12-27,Male,18,Adolescent,Beauty,2,50,100,,,,,,,,,,,,,,nan,
63,2023-02-05,Male,57,Old,Electronics,2,25,50,,,,,,,,,,,,,,nan,
64,2023-01-24,Male,49,Middle Age,Clothing,4,25,100,,,,,,,,,,,,,,nan,
65,2023-12-05,Male,51,Middle Age,Electronics,4,500,2000,,,,,,,,,,,,,,nan,
66,2023-04-27,Female,45,Middle Age,Electronics,1,30,30,,,,,,,,,,,,,,nan,
67,2023-05-29,Female,48,Middle Age,Beauty,4,300,1200,,,,,,,,,,,,,,nan,
68,2023-02-10,Male,25,Adolescent,Electronics,1,300,300,,,,,,,,,,,,,,nan,
69,2023-04-30,Female,56,Old,Beauty,3,25,75,,,,,,,,,,,,,,nan,
70,2023-02-21,Female,43,Middle Age,Clothing,1,300,300,,,,,,,,,,,,,,nan,
71,2023-07-14,Female,51,Middle Age,Beauty,4,25,100,,,,,,,,,,,,,,nan,
72,2023-05-23,Female,20,Adolescent,Electronics,4,500,2000,,,,,,,,,,,,,,nan,
73,2023-08-21,Male,29,Adolescent,Electronics,3,30,90,,,,,,,,,,,,,,nan,
74,2023-11-22,Female,18,Adolescent,Beauty,4,500,2000,,,,,,,,,,,,,,nan,
75,2023-07-06,Male,61,Old,Beauty,4,50,200,,,,,,,,,,,,,,nan,
76,2023-03-25,Female,22,Adolescent,Electronics,2,50,100,,,,,,,,,,,,,,nan,
77,2023-07-09,Female,47,Middle Age,Clothing,2,50,100,,,,,,,,,,,,,,nan,
78,2023-07-01,Female,47,Middle Age,Clothing,3,500,1500,,,,,,,,,,,,,,nan,
79,2023-04-18,Male,34,Middle Age,Beauty,1,300,300,,,,,,,,,,,,,,nan,
80,2023-12-10,Female,64,Old,Clothing,2,30,60,,,,,,,,,,,,,,nan,
81,2023-05-17,Male,40,Middle Age,Electronics,1,50,50,,,,,,,,,,,,,,nan,
82,2023-12-26,Female,32,Middle Age,Beauty,4,50,200,,,,,,,,,,,,,,nan,
83,2023-12-16,Male,54,Middle Age,Electronics,2,50,100,,,,,,,,,,,,,,nan,
84,2023-11-28,Female,38,Middle Age,Electronics,3,30,90,,,,,,,,,,,,,,nan,
85,2023-02-06,Male,31,Adolescent,Clothing,3,50,150,,,,,,,,,,,,,,nan,
86,2023-11-08,Male,19,Adolescent,Beauty,3,30,90,,,,,,,,,,,,,,nan,
87,2023-11-22,Female,28,Adolescent,Beauty,2,50,100,,,,,,,,,,,,,,nan,
88,2023-03-29,Male,56,Old,Clothing,1,500,500,,,,,,,,,,,,,,nan,
89,2023-10-01,Female,55,Old,Electronics,4,500,2000,,,,,,,,,,,,,,nan,
90,2023-05-06,Female,51,Middle Age,Electronics,1,30,30,,,,,,,,,,,,,,nan,
91,2023-03-25,Female,55,Old,Electronics,1,500,500,,,,,,,,,,,,,,nan,
92,2023-08-25,Female,51,Middle Age,Electronics,4,30,120,,,,,,,,,,,,,,nan,
93,2023-07-14,Female,35,Middle Age,Beauty,4,500,2000,,,,,,,,,,,,,,nan,
94,2023-05-19,Female,47,Middle Age,Beauty,2,500,1000,,,,,,,,,,,,,,nan,
95,2023-11-24,Female,32,Middle Age,Clothing,2,30,60,,,,,,,,,,,,,,nan,
96,2023-12-19,Female,44,Middle Age,Clothing,2,300,600,,,,,,,,,,,,,,nan,
97,2023-10-13,Female,51,Middle Age,Beauty,2,500,1000,,,,,,,,,,,,,,nan,
98,2023-04-23,Female,55,Old,Beauty,2,50,100,,,,,,,,,,,,,,nan,
99,2023-12-17,Female,50,Middle Age,Electronics,4,300,1200,,,,,,,,,,,,,,nan,
100,2023-06-16,Male,41,Middle Age,Electronics,1,30,30,,,,,,,,,,,,,,nan,
101,2023-01-29,Male,32,Middle Age,Clothing,2,300,600,,,,,,,,,,,,,,nan,
102,2023-04-28,Female,47,Middle Age,Beauty,2,25,50,,,,,,,,,,,,,,nan,
103,2023-01-17,Female,59,Old,Clothing,1,25,25,,,,,,,,,,,,,,nan,
104,2023-06-11,Female,34,Middle Age,Beauty,2,500,1000,,,,,,,,,,,,,,nan,
105,2023-07-25,Female,22,Adolescent,Electronics,1,500,500,,,,,,,,,,,,,,nan,
106,2023-05-18,Female,46,Middle Age,Clothing,1,50,50,,,,,,,,,,,,,,nan,
107,2023-02-03,Female,21,Adolescent,Clothing,4,300,1200,,,,,,,,,,,,,,nan,
108,2023-04-19,Female,27,Adolescent,Beauty,3,25,75,,,,,,,,,,,,,,nan,
109,2023-10-18,Female,34,Middle Age,Electronics,4,500,2000,,,,,,,,,,,,,,nan,
110,2023-06-11,Male,27,Adolescent,Clothing,3,300,900,,,,,,,,,,,,,,nan,
111,2023-04-19,Female,34,Middle Age,Electronics,3,500,1500,,,,,,,,,,,,,,nan,
112,2023-12-02,Male,37,Middle Age,Clothing,3,500,1500,,,,,,,,,,,,,,nan,
113,2023-09-13,Female,41,Middle Age,Electronics,2,25,50,,,,,,,,,,,,,,nan,
114,2023-07-22,Female,22,Adolescent,Beauty,4,25,100,,,,,,,,,,,,,,nan,
115,2023-11-26,Male,51,Middle Age,Clothing,3,500,1500,,,,,,,,,,,,,,nan,
116,2023-08-23,Female,23,Adolescent,Clothing,1,30,30,,,,,,,,,,,,,,nan,
117,2023-03-15,Male,19,Adolescent,Electronics,2,500,1000,,,,,,,,,,,,,,nan,
118,2023-05-16,Female,30,Adolescent,Electronics,4,500,2000,,,,,,,,,,,,,,nan,
119,2023-03-13,Female,60,Old,Clothing,3,50,150,,,,,,,,,,,,,,nan,
120,2023-05-07,Male,60,Old,Beauty,1,50,50,,,,,,,,,,,,,,nan,
121,2023-10-15,Female,28,Adolescent,Electronics,4,50,200,,,,,,,,,,,,,,nan,
122,2023-10-03,Male,64,Old,Electronics,4,30,120,,,,,,,,,,,,,,nan,
123,2023-05-15,Female,40,Middle Age,Electronics,2,30,60,,,,,,,,,,,,,,nan,
124,2023-10-27,Male,33,Middle Age,Clothing,4,500,2000,,,,,,,,,,,,,,nan,
125,2023-08-08,Male,48,Middle Age,Clothing,2,50,100,,,,,,,,,,,,,,nan,
126,2023-10-26,Female,28,Adolescent,Clothing,3,30,90,,,,,,,,,,,,,,nan,
127,2023-07-24,Female,33,Middle Age,Clothing,2,25,50,,,,,,,,,,,,,,nan,
128,2023-07-05,Male,25,Adolescent,Beauty,1,500,500,,,,,,,,,,,,,,nan,
129,2023-04-23,Female,21,Adolescent,Beauty,2,300,600,,,,,,,,,,,,,,nan,
130,2023-03-12,Female,57,Old,Clothing,1,500,500,,,,,,,,,,,,,,nan,
131,2023-09-18,Female,21,Adolescent,Beauty,2,300,600,,,,,,,,,,,,,,nan,
132,2023-09-10,Male,42,Middle Age,Electronics,4,50,200,,,,,,,,,,,,,,nan,
133,2023-02-16,Male,20,Adolescent,Electronics,3,300,900,,,,,,,,,,,,,,nan,
134,2023-01-25,Male,49,Middle Age,Electronics,1,50,50,,,,,,,,,,,,,,nan,
135,2023-02-26,Male,20,Adolescent,Clothing,2,25,50,,,,,,,,,,,,,,nan,
136,2023-03-20,Male,44,Middle Age,Electronics,2,300,600,,,,,,,,,,,,,,nan,
137,2023-11-18,Male,46,Middle Age,Beauty,2,500,1000,,,,,,,,,,,,,,nan,
138,2023-03-23,Male,49,Middle Age,Clothing,4,50,200,,,,,,,,,,,,,,nan,
139,2023-12-15,Male,36,Middle Age,Beauty,4,500,2000,,,,,,,,,,,,,,nan,
140,2023-08-05,Male,38,Middle Age,Electronics,1,30,30,,,,,,,,,,,,,,nan,
141,2023-11-02,Female,22,Adolescent,Electronics,1,50,50,,,,,,,,,,,,,,nan,
142,2023-02-02,Male,35,Middle Age,Electronics,4,300,1200,,,,,,,,,,,,,,nan,
143,2023-07-17,Female,45,Middle Age,Clothing,1,50,50,,,,,,,,,,,,,,nan,
144,2023-07-15,Female,59,Old,Beauty,3,500,1500,,,,,,,,,,,,,,nan,
145,2023-11-02,Female,39,Middle Age,Clothing,3,25,75,,,,,,,,,,,,,,nan,
146,2023-08-28,Male,38,Middle Age,Clothing,4,50,200,,,,,,,,,,,,,,nan,
147,2023-09-28,Male,23,Adolescent,Electronics,1,300,300,,,,,,,,,,,,,,nan,
148,2023-05-09,Male,18,Adolescent,Clothing,2,30,60,,,,,,,,,,,,,,nan,
149,2023-10-11,Male,22,Adolescent,Clothing,3,25,75,,,,,,,,,,,,,,nan,
150,2023-01-06,Female,58,Old,Electronics,4,30,120,,,,,,,,,,,,,,nan,
151,2023-12-15,Male,29,Adolescent,Clothing,1,50,50,,,,,,,,,,,,,,nan,
152,2023-02-28,Male,43,Middle Age,Electronics,4,500,2000,,,,,,,,,,,,,,nan,
153,2023-12-16,Male,63,Old,Electronics,2,500,1000,,,,,,,,,,,,,,nan,
154,2023-10-02,Male,51,Middle Age,Electronics,3,300,900,,,,,,,,,,,,,,nan,
155,2023-05-17,Male,31,Adolescent,Electronics,4,500,2000,,,,,,,,,,,,,,nan,
156,2023-11-25,Female,43,Middle Age,Clothing,4,25,100,,,,,,,,,,,,,,nan,
157,2023-06-24,Male,62,Old,Electronics,4,500,2000,,,,,,,,,,,,,,nan,
158,2023-02-27,Female,44,Middle Age,Electronics,2,300,600,,,,,,,,,,,,,,nan,
159,2023-05-31,Male,26,Adolescent,Clothing,4,50,200,,,,,,,,,,,,,,nan,
160,2023-08-11,Female,43,Middle Age,Clothing,2,50,100,,,,,,,,,,,,,,nan,
161,2023-03-22,Male,64,Old,Beauty,2,500,1000,,,,,,,,,,,,,,nan,
162,2023-08-21,Male,39,Middle Age,Clothing,2,30,60,,,,,,,,,,,,,,nan,
163,2023-01-02,Female,64,Old,Clothing,3,50,150,,,,,,,,,,,,,,nan,
164,2023-05-15,Female,47,Middle Age,Beauty,3,500,1500,,,,,,,,,,,,,,nan,
165,2023-09-14,Female,60,Old,Clothing,4,300,1200,,,,,,,,,,,,,,nan,
166,2023-04-02,Male,34,Middle Age,Clothing,4,500,2000,,,,,,,,,,,,,,nan,
167,2023-09-17,Female,43,Middle Age,Clothing,3,50,150,,,,,,,,,,,,,,nan,
168,2023-02-24,Male,53,Middle Age,Clothing,1,300,300,,,,,,,,,,,,,,nan,
169,2023-11-17,Male,18,Adolescent,Beauty,3,500,1500,,,,,,,,,,,,,,nan,
170,2023-06-02,Female,25,Adolescent,Clothing,2,25,50,,,,,,,,,,,,,,nan,
171,2023-11-24,Female,52,Middle Age,Clothing,3,300,900,,,,,,,,,,,,,,nan,
172,2023-09-17,Male,32,Middle Age,Beauty,2,25,50,,,,,,,,,,,,,,nan,
173,2023-11-08,Male,64,Old,Electronics,4,30,120,,,,,,,,,,,,,,nan,
174,2023-04-12,Female,39,Middle Age,Beauty,1,300,300,,,,,,,,,,,,,,nan,
175,2023-03-20,Female,31,Adolescent,Electronics,4,25,100,,,,,,,,,,,,,,nan,
176,2023-07-11,Female,43,Middle Age,Beauty,2,50,100,,,,,,,,,,,,,,nan,
177,2023-03-24,Male,45,Middle Age,Beauty,2,50,100,,,,,,,,,,,,,,nan,
178,2023-10-04,Male,40,Middle Age,Clothing,2,30,60,,,,,,,,,,,,,,nan,
179,2023-09-29,Male,31,Adolescent,Electronics,1,300,300,,,,,,,,,,,,,,nan,
180,2023-01-01,Male,41,Middle Age,Clothing,3,300,900,,,,,,,,,,,,,,nan,
181,2023-11-03,Male,19,Adolescent,Electronics,4,300,1200,,,,,,,,,,,,,,nan,
182,2023-06-15,Male,62,Old,Beauty,4,30,120,,,,,,,,,,,,,,nan,
183,2023-09-08,Female,43,Middle Age,Beauty,3,300,900,,,,,,,,,,,,,,nan,
184,2023-01-10,Male,31,Adolescent,Electronics,4,50,200,,,,,,,,,,,,,,nan,
185,2023-02-27,Male,24,Adolescent,Clothing,1,25,25,,,,,,,,,,,,,,nan,
186,2023-07-05,Male,20,Adolescent,Clothing,4,50,200,,,,,,,,,,,,,,nan,
187,2023-06-07,Female,64,Old,Clothing,2,50,100,,,,,,,,,,,,,,nan,
188,2023-05-03,Male,40,Middle Age,Clothing,3,25,75,,,,,,,,,,,,,,nan,
189,2023-01-30,Male,63,Old,Beauty,1,50,50,,,,,,,,,,,,,,nan,
190,2023-05-04,Female,60,Old,Beauty,3,30,90,,,,,,,,,,,,,,nan,
191,2023-10-18,Male,64,Old,Beauty,1,25,25,,,,,,,,,,,,,,nan,
192,2023-02-10,Male,62,Old,Beauty,2,50,100,,,,,,,,,,,,,,nan,
193,2023-02-13,Male,35,Middle Age,Beauty,3,500,1500,,,,,,,,,,,,,,nan,
194,2023-09-06,Male,55,Old,Clothing,4,50,200,,,,,,,,,,,,,,nan,
195,2023-02-05,Male,52,Middle Age,Clothing,1,30,30,,,,,,,,,,,,,,nan,
196,2023-09-30,Female,32,Middle Age,Clothing,3,300,900,,,,,,,,,,,,,,nan,
197,2023-03-06,Female,42,Middle Age,Clothing,4,50,200,,,,,,,,,,,,,,nan,
198,2023-03-07,Female,54,Middle Age,Beauty,3,300,900,,,,,,,,,,,,,,nan,
199,2023-12-04,Male,45,Middle Age,Beauty,3,500,1500,,,,,,,,,,,,,,nan,
200,2023-09-01,Male,27,Adolescent,Beauty,3,50,150,,,,,,,,,,,,,,nan,
201,2023-10-09,Male,56,Old,Electronics,1,25,25,,,,,,,,,,,,,,nan,
202,2023-03-26,Female,34,Middle Age,Clothing,4,300,1200,,,,,,,,,,,,,,nan,
203,2023-05-16,Male,56,Old,Clothing,2,500,1000,,,,,,,,,,,,,,nan,
204,2023-09-28,Male,39,Middle Age,Beauty,1,25,25,,,,,,,,,,,,,,nan,
205,2023-11-07,Female,43,Middle Age,Clothing,1,25,25,,,,,,,,,,,,,,nan,
206,2023-08-05,Male,61,Old,Clothing,1,25,25,,,,,,,,,,,,,,nan,
207,2023-04-19,Female,42,Middle Age,Beauty,2,25,50,,,,,,,,,,,,,,nan,
208,2023-10-04,Female,34,Middle Age,Electronics,4,50,200,,,,,,,,,,,,,,nan,
209,2023-12-20,Female,30,Adolescent,Electronics,4,50,200,,,,,,,,,,,,,,nan,
210,2023-04-13,Male,37,Middle Age,Electronics,4,50,200,,,,,,,,,,,,,,nan,
211,2024-01-01,Male,42,Middle Age,Beauty,3,500,1500,,,,,,,,,,,,,,nan,
212,2023-06-09,Male,21,Adolescent,Clothing,3,500,1500,,,,,,,,,,,,,,nan,
213,2023-07-24,Male,27,Adolescent,Beauty,3,500,1500,,,,,,,,,,,,,,nan,
214,2023-12-10,Male,20,Adolescent,Beauty,2,30,60,,,,,,,,,,,,,,nan,
215,2023-11-29,Male,58,Old,Clothing,3,500,1500,,,,,,,,,,,,,,nan,
216,2023-07-11,Male,62,Old,Electronics,2,50,100,,,,,,,,,,,,,,nan,
217,2023-08-13,Female,35,Middle Age,Electronics,4,50,200,,,,,,,,,,,,,,nan,
218,2023-09-22,Male,64,Old,Beauty,3,30,90,,,,,,,,,,,,,,nan,
219,2023-08-20,Female,53,Middle Age,Electronics,3,30,90,,,,,,,,,,,,,,nan,
220,2023-03-03,Male,64,Old,Beauty,1,500,500,,,,,,,,,,,,,,nan,
221,2023-05-07,Male,39,Middle Age,Beauty,2,300,600,,,,,,,,,,,,,,nan,
222,2023-04-26,Male,51,Middle Age,Clothing,4,30,120,,,,,,,,,,,,,,nan,
223,2023-02-02,Female,64,Old,Clothing,1,25,25,,,,,,,,,,,,,,nan,
224,2023-06-23,Female,25,Adolescent,Clothing,1,50,50,,,,,,,,,,,,,,nan,
225,2023-01-11,Female,57,Old,Beauty,4,25,100,,,,,,,,,,,,,,nan,
226,2023-10-29,Female,61,Old,Clothing,1,50,50,,,,,,,,,,,,,,nan,
227,2023-10-11,Male,36,Middle Age,Electronics,2,50,100,,,,,,,,,,,,,,nan,
228,2023-04-28,Female,59,Old,Electronics,2,30,60,,,,,,,,,,,,,,nan,
229,2023-10-29,Male,58,Old,Beauty,3,30,90,,,,,,,,,,,,,,nan,
230,2023-04-23,Male,54,Middle Age,Beauty,1,25,25,,,,,,,,,,,,,,nan,
231,2023-01-04,Female,23,Adolescent,Clothing,3,50,150,,,,,,,,,,,,,,nan,
232,2023-02-06,Female,43,Middle Age,Beauty,1,25,25,,,,,,,,,,,,,,nan,
233,2023-12-29,Female,51,Middle Age,Beauty,2,300,600,,,,,,,,,,,,,,nan,
234,2023-11-20,Female,62,Old,Electronics,2,25,50,,,,,,,,,,,,,,nan,
235,2023-01-31,Female,23,Adolescent,Electronics,2,500,1000,,,,,,,,,,,,,,nan,
236,2023-04-28,Female,54,Middle Age,Clothing,1,25,25,,,,,,,,,,,,,,nan,
237,2023-02-04,Female,50,Middle Age,Beauty,2,500,1000,,,,,,,,,,,,,,nan,
238,2023-01-17,Female,39,Middle Age,Beauty,1,500,500,,,,,,,,,,,,,,nan,
239,2023-06-19,Male,38,Middle Age,Electronics,3,500,1500,,,,,,,,,,,,,,nan,
240,2023-02-06,Female,23,Adolescent,Beauty,1,300,300,,,,,,,,,,,,,,nan,
241,2023-09-21,Female,23,Adolescent,Electronics,3,25,75,,,,,,,,,,,,,,nan,
242,2023-05-02,Male,21,Adolescent,Clothing,1,25,25,,,,,,,,,,,,,,nan,
243,2023-05-23,Female,47,Middle Age,Electronics,3,300,900,,,,,,,,,,,,,,nan,
244,2023-12-09,Male,28,Adolescent,Beauty,2,50,100,,,,,,,,,,,,,,nan,
245,2023-09-06,Male,47,Middle Age,Clothing,3,30,90,,,,,,,,,,,,,,nan,
246,2023-04-20,Female,48,Middle Age,Electronics,2,25,50,,,,,,,,,,,,,,nan,
247,2023-10-04,Male,41,Middle Age,Electronics,2,30,60,,,,,,,,,,,,,,nan,
248,2023-03-09,Male,26,Adolescent,Clothing,3,300,900,,,,,,,,,,,,,,nan,
249,2023-10-20,Male,20,Adolescent,Clothing,1,50,50,,,,,,,,,,,,,,nan,
250,2023-10-23,Male,48,Middle Age,Electronics,1,50,50,,,,,,,,,,,,,,nan,
251,2023-08-31,Female,57,Old,Beauty,4,50,200,,,,,,,,,,,,,,nan,
252,2023-05-05,Male,54,Middle Age,Electronics,1,300,300,,,,,,,,,,,,,,nan,
253,2023-08-31,Female,53,Middle Age,Clothing,4,500,2000,,,,,,,,,,,,,,nan,
254,2023-07-28,Male,41,Middle Age,Electronics,1,500,500,,,,,,,,,,,,,,nan,
255,2023-04-08,Male,48,Middle Age,Clothing,1,30,30,,,,,,,,,,,,,,nan,
256,2023-02-18,Male,23,Adolescent,Clothing,2,500,1000,,,,,,,,,,,,,,nan,
257,2023-02-19,Male,19,Adolescent,Beauty,4,500,2000,,,,,,,,,,,,,,nan,
258,2023-12-04,Female,37,Middle Age,Clothing,1,50,50,,,,,,,,,,,,,,nan,
259,2023-08-09,Female,45,Middle Age,Clothing,4,50,200,,,,,,,,,,,,,,nan,
260,2023-07-01,Male,28,Adolescent,Beauty,2,30,60,,,,,,,,,,,,,,nan,
261,2023-08-05,Male,21,Adolescent,Clothing,2,25,50,,,,,,,,,,,,,,nan,
262,2023-07-30,Female,32,Middle Age,Beauty,4,30,120,,,,,,,,,,,,,,nan,
263,2023-08-28,Male,23,Adolescent,Beauty,2,30,60,,,,,,,,,,,,,,nan,
264,2023-01-28,Male,47,Middle Age,Clothing,3,300,900,,,,,,,,,,,,,,nan,
265,2023-12-11,Male,55,Old,Clothing,3,300,900,,,,,,,,,,,,,,nan,
266,2023-12-01,Female,19,Adolescent,Electronics,2,30,60,,,,,,,,,,,,,,nan,
267,2023-11-27,Female,32,Middle Age,Beauty,3,30,90,,,,,,,,,,,,,,nan,
268,2023-02-20,Female,28,Adolescent,Electronics,1,30,30,,,,,,,,,,,,,,nan,
269,2023-02-01,Male,25,Adolescent,Clothing,4,500,2000,,,,,,,,,,,,,,nan,
270,2023-07-26,Male,43,Middle Age,Electronics,1,300,300,,,,,,,,,,,,,,nan,
271,2023-06-23,Female,62,Old,Beauty,4,30,120,,,,,,,,,,,,,,nan,
272,2023-02-25,Female,61,Old,Electronics,2,50,100,,,,,,,,,,,,,,nan,
273,2023-05-08,Female,22,Adolescent,Beauty,1,50,50,,,,,,,,,,,,,,nan,
274,2023-04-09,Female,23,Adolescent,Clothing,2,500,1000,,,,,,,,,,,,,,nan,
275,2023-04-08,Male,43,Middle Age,Clothing,2,500,1000,,,,,,,,,,,,,,nan,
276,2023-10-02,Female,21,Adolescent,Beauty,4,25,100,,,,,,,,,,,,,,nan,
277,2023-08-18,Male,36,Middle Age,Clothing,4,25,100,,,,,,,,,,,,,,nan,
278,2023-03-13,Female,37,Middle Age,Clothing,4,25,100,,,,,,,,,,,,,,nan,
279,2023-08-05,Male,50,Middle Age,Clothing,1,500,500,,,,,,,,,,,,,,nan,
280,2023-04-04,Female,37,Middle Age,Clothing,3,500,1500,,,,,,,,,,,,,,nan,
281,2023-05-23,Female,29,Adolescent,Beauty,4,500,2000,,,,,,,,,,,,,,nan,
282,2023-08-25,Female,64,Old,Electronics,4,50,200,,,,,,,,,,,,,,nan,
283,2023-05-08,Female,18,Adolescent,Electronics,1,500,500,,,,,,,,,,,,,,nan,
284,2023-02-08,Male,43,Middle Age,Clothing,4,50,200,,,,,,,,,,,,,,nan,
285,2023-08-15,Female,31,Adolescent,Electronics,1,25,25,,,,,,,,,,,,,,nan,
286,2023-10-09,Male,55,Old,Electronics,2,25,50,,,,,,,,,,,,,,nan,
287,2023-02-20,Male,54,Middle Age,Clothing,4,25,100,,,,,,,,,,,,,,nan,
288,2023-01-26,Male,28,Adolescent,Clothing,4,30,120,,,,,,,,,,,,,,nan,
289,2023-11-30,Male,53,Middle Age,Electronics,2,30,60,,,,,,,,,,,,,,nan,
290,2023-10-04,Female,30,Adolescent,Beauty,2,300,600,,,,,,,,,,,,,,nan,
291,2023-01-08,Male,60,Old,Clothing,2,300,600,,,,,,,,,,,,,,nan,
292,2023-02-17,Male,20,Adolescent,Beauty,4,300,1200,,,,,,,,,,,,,,nan,
293,2023-05-02,Male,50,Middle Age,Electronics,3,30,90,,,,,,,,,,,,,,nan,
294,2023-03-27,Female,23,Adolescent,Clothing,3,30,90,,,,,,,,,,,,,,nan,
295,2023-07-28,Female,27,Adolescent,Beauty,3,300,900,,,,,,,,,,,,,,nan,
296,2023-09-06,Female,22,Adolescent,Clothing,4,300,1200,,,,,,,,,,,,,,nan,
297,2023-09-04,Female,40,Middle Age,Electronics,2,500,1000,,,,,,,,,,,,,,nan,
298,2023-04-20,Male,27,Adolescent,Beauty,4,300,1200,,,,,,,,,,,,,,nan,
299,2023-07-25,Male,61,Old,Electronics,2,500,1000,,,,,,,,,,,,,,nan,
300,2023-01-31,Female,19,Adolescent,Electronics,4,50,200,,,,,,,,,,,,,,nan,
301,2023-03-26,Male,30,Adolescent,Clothing,4,30,120,,,,,,,,,,,,,,nan,
302,2023-07-14,Male,57,Old,Beauty,2,300,600,,,,,,,,,,,,,,nan,
303,2023-01-02,Male,19,Adolescent,Electronics,3,30,90,,,,,,,,,,,,,,nan,
304,2023-07-19,Female,37,Middle Age,Electronics,2,30,60,,,,,,,,,,,,,,nan,
305,2023-05-16,Female,18,Adolescent,Beauty,1,30,30,,,,,,,,,,,,,,nan,
306,2023-08-21,Male,54,Middle Age,Electronics,1,50,50,,,,,,,,,,,,,,nan,
307,2023-05-27,Female,26,Adolescent,Electronics,2,25,50,,,,,,,,,,,,,,nan,
308,2023-08-05,Female,34,Middle Age,Beauty,4,300,1200,,,,,,,,,,,,,,nan,
309,2023-12-23,Female,26,Adolescent,Beauty,1,25,25,,,,,,,,,,,,,,nan,
310,2023-10-12,Female,28,Adolescent,Beauty,1,25,25,,,,,,,,,,,,,,nan,
311,2023-12-05,Female,32,Middle Age,Beauty,4,25,100,,,,,,,,,,,,,,nan,
312,2023-09-07,Male,41,Middle Age,Clothing,4,30,120,,,,,,,,,,,,,,nan,
313,2023-03-21,Female,55,Old,Beauty,3,500,1500,,,,,,,,,,,,,,nan,
314,2023-04-08,Male,52,Middle Age,Clothing,4,30,120,,,,,,,,,,,,,,nan,
315,2023-06-01,Male,47,Middle Age,Clothing,2,30,60,,,,,,,,,,,,,,nan,
316,2023-04-22,Female,48,Middle Age,Clothing,2,25,50,,,,,,,,,,,,,,nan,
317,2023-01-30,Male,22,Adolescent,Electronics,3,30,90,,,,,,,,,,,,,,nan,
318,2023-10-24,Male,61,Old,Clothing,1,25,25,,,,,,,,,,,,,,nan,
319,2023-10-05,Male,31,Adolescent,Clothing,1,500,500,,,,,,,,,,,,,,nan,
320,2023-02-01,Female,28,Adolescent,Electronics,4,300,1200,,,,,,,,,,,,,,nan,
321,2023-06-10,Female,26,Adolescent,Electronics,2,25,50,,,,,,,,,,,,,,nan,
322,2023-01-30,Male,51,Middle Age,Electronics,1,500,500,,,,,,,,,,,,,,nan,
323,2023-01-26,Female,29,Adolescent,Beauty,3,300,900,,,,,,,,,,,,,,nan,
324,2023-10-27,Female,52,Middle Age,Electronics,3,50,150,,,,,,,,,,,,,,nan,
325,2023-09-02,Female,52,Middle Age,Electronics,2,25,50,,,,,,,,,,,,,,nan,
326,2023-09-15,Female,18,Adolescent,Clothing,3,25,75,,,,,,,,,,,,,,nan,
327,2023-09-29,Male,57,Old,Electronics,3,50,150,,,,,,,,,,,,,,nan,
328,2023-03-22,Male,39,Middle Age,Beauty,2,50,100,,,,,,,,,,,,,,nan,
329,2023-01-30,Female,46,Middle Age,Electronics,4,25,100,,,,,,,,,,,,,,nan,
330,2023-09-18,Female,25,Adolescent,Beauty,4,50,200,,,,,,,,,,,,,,nan,
331,2023-02-11,Male,28,Adolescent,Electronics,3,30,90,,,,,,,,,,,,,,nan,
332,2023-04-06,Male,58,Old,Electronics,4,300,1200,,,,,,,,,,,,,,nan,
333,2023-02-05,Female,54,Middle Age,Electronics,4,300,1200,,,,,,,,,,,,,,nan,
334,2023-11-01,Male,31,Adolescent,Electronics,3,300,900,,,,,,,,,,,,,,nan,
335,2023-02-04,Female,47,Middle Age,Beauty,4,30,120,,,,,,,,,,,,,,nan,
336,2023-12-12,Female,52,Middle Age,Beauty,3,50,150,,,,,,,,,,,,,,nan,
337,2023-05-01,Male,38,Middle Age,Clothing,1,500,500,,,,,,,,,,,,,,nan,
338,2023-07-26,Male,54,Middle Age,Beauty,2,50,100,,,,,,,,,,,,,,nan,
339,2023-03-03,Female,22,Adolescent,Electronics,2,25,50,,,,,,,,,,,,,,nan,
340,2023-10-19,Female,36,Middle Age,Clothing,4,300,1200,,,,,,,,,,,,,,nan,
341,2023-05-07,Male,31,Adolescent,Clothing,4,50,200,,,,,,,,,,,,,,nan,
342,2023-10-24,Female,43,Middle Age,Clothing,4,500,2000,,,,,,,,,,,,,,nan,
343,2023-11-01,Male,21,Adolescent,Electronics,2,25,50,,,,,,,,,,,,,,nan,
344,2023-01-21,Female,42,Middle Age,Beauty,1,30,30,,,,,,,,,,,,,,nan,
345,2023-11-14,Male,62,Old,Electronics,1,30,30,,,,,,,,,,,,,,nan,
346,2023-02-11,Male,59,Old,Clothing,2,500,1000,,,,,,,,,,,,,,nan,
347,2023-08-03,Male,42,Middle Age,Electronics,1,25,25,,,,,,,,,,,,,,nan,
348,2023-12-03,Female,35,Middle Age,Electronics,2,300,600,,,,,,,,,,,,,,nan,
349,2023-10-26,Female,57,Old,Beauty,1,50,50,,,,,,,,,,,,,,nan,
350,2023-10-17,Male,25,Adolescent,Beauty,3,25,75,,,,,,,,,,,,,,nan,
351,2023-09-25,Female,56,Old,Clothing,3,30,90,,,,,,,,,,,,,,nan,
352,2023-06-11,Male,57,Old,Electronics,2,500,1000,,,,,,,,,,,,,,nan,
353,2023-05-14,Male,31,Adolescent,Electronics,1,500,500,,,,,,,,,,,,,,nan,
354,2023-04-15,Female,49,Middle Age,Beauty,4,50,200,,,,,,,,,,,,,,nan,
355,2023-12-09,Female,55,Old,Electronics,1,500,500,,,,,,,,,,,,,,nan,
356,2023-06-10,Male,50,Middle Age,Electronics,3,500,1500,,,,,,,,,,,,,,nan,
357,2023-05-03,Female,40,Middle Age,Electronics,3,25,75,,,,,,,,,,,,,,nan,
358,2023-05-16,Female,32,Middle Age,Beauty,1,300,300,,,,,,,,,,,,,,nan,
359,2023-07-22,Male,50,Middle Age,Clothing,1,50,50,,,,,,,,,,,,,,nan,
360,2023-03-09,Male,42,Middle Age,Clothing,4,25,100,,,,,,,,,,,,,,nan,
361,2023-12-10,Female,34,Middle Age,Electronics,4,300,1200,,,,,,,,,,,,,,nan,
362,2023-11-27,Male,50,Middle Age,Clothing,1,25,25,,,,,,,,,,,,,,nan,
363,2023-06-03,Male,64,Old,Beauty,1,25,25,,,,,,,,,,,,,,nan,
364,2023-08-23,Female,19,Adolescent,Beauty,1,500,500,,,,,,,,,,,,,,nan,
365,2023-06-11,Male,31,Adolescent,Clothing,1,300,300,,,,,,,,,,,,,,nan,
366,2023-02-07,Male,57,Old,Clothing,2,50,100,,,,,,,,,,,,,,nan,
367,2023-01-05,Female,57,Old,Electronics,1,50,50,,,,,,,,,,,,,,nan,
368,2023-08-23,Female,56,Old,Clothing,4,300,1200,,,,,,,,,,,,,,nan,
369,2023-11-15,Male,23,Adolescent,Electronics,3,500,1500,,,,,,,,,,,,,,nan,
370,2023-10-16,Male,23,Adolescent,Electronics,2,30,60,,,,,,,,,,,,,,nan,
371,2023-02-21,Female,20,Adolescent,Beauty,1,25,25,,,,,,,,,,,,,,nan,
372,2023-02-07,Female,24,Adolescent,Beauty,3,500,1500,,,,,,,,,,,,,,nan,
373,2023-10-03,Female,25,Adolescent,Beauty,2,300,600,,,,,,,,,,,,,,nan,
374,2023-04-20,Female,59,Old,Beauty,3,25,75,,,,,,,,,,,,,,nan,
375,2023-09-17,Male,32,Middle Age,Clothing,1,50,50,,,,,,,,,,,,,,nan,
376,2023-05-16,Female,64,Old,Beauty,1,30,30,,,,,,,,,,,,,,nan,
377,2023-03-09,Female,46,Middle Age,Clothing,4,50,200,,,,,,,,,,,,,,nan,
378,2023-06-28,Male,50,Middle Age,Beauty,1,300,300,,,,,,,,,,,,,,nan,
379,2023-02-05,Female,47,Middle Age,Clothing,1,25,25,,,,,,,,,,,,,,nan,
380,2023-05-06,Male,56,Old,Electronics,2,300,600,,,,,,,,,,,,,,nan,
381,2023-07-09,Female,44,Middle Age,Clothing,4,25,100,,,,,,,,,,,,,,nan,
382,2023-05-26,Female,53,Middle Age,Clothing,2,500,1000,,,,,,,,,,,,,,nan,
383,2023-03-22,Female,46,Middle Age,Beauty,3,30,90,,,,,,,,,,,,,,nan,
384,2023-08-13,Male,55,Old,Clothing,1,500,500,,,,,,,,,,,,,,nan,
385,2023-10-06,Male,50,Middle Age,Electronics,3,500,1500,,,,,,,,,,,,,,nan,
386,2023-12-27,Female,54,Middle Age,Electronics,2,300,600,,,,,,,,,,,,,,nan,
387,2023-06-04,Male,44,Middle Age,Beauty,1,30,30,,,,,,,,,,,,,,nan,
388,2023-11-10,Male,50,Middle Age,Electronics,1,25,25,,,,,,,,,,,,,,nan,
389,2023-12-01,Male,21,Adolescent,Clothing,2,25,50,,,,,,,,,,,,,,nan,
390,2023-09-28,Male,39,Middle Age,Electronics,2,50,100,,,,,,,,,,,,,,nan,
391,2023-01-05,Male,19,Adolescent,Beauty,2,25,50,,,,,,,,,,,,,,nan,
392,2023-12-08,Male,27,Adolescent,Clothing,2,300,600,,,,,,,,,,,,,,nan,
393,2023-10-11,Female,22,Adolescent,Beauty,2,500,1000,,,,,,,,,,,,,,nan,
394,2023-06-03,Female,27,Adolescent,Clothing,1,500,500,,,,,,,,,,,,,,nan,
395,2023-12-06,Male,50,Middle Age,Electronics,2,500,1000,,,,,,,,,,,,,,nan,
396,2023-02-23,Female,55,Old,Beauty,1,30,30,,,,,,,,,,,,,,nan,
397,2023-03-10,Female,30,Adolescent,Beauty,1,25,25,,,,,,,,,,,,,,nan,
398,2023-05-16,Female,48,Middle Age,Clothing,2,300,600,,,,,,,,,,,,,,nan,
399,2023-03-01,Female,64,Old,Beauty,2,30,60,,,,,,,,,,,,,,nan,
400,2023-02-24,Male,53,Middle Age,Clothing,4,50,200,,,,,,,,,,,,,,nan,
401,2023-10-11,Female,62,Old,Clothing,1,300,300,,,,,,,,,,,,,,nan,
402,2023-03-21,Female,41,Middle Age,Clothing,2,300,600,,,,,,,,,,,,,,nan,
403,2023-05-20,Male,32,Middle Age,Clothing,2,300,600,,,,,,,,,,,,,,nan,
404,2023-05-25,Male,46,Middle Age,Electronics,2,500,1000,,,,,,,,,,,,,,nan,
405,2023-11-06,Female,25,Adolescent,Clothing,4,300,1200,,,,,,,,,,,,,,nan,
406,2023-04-18,Female,22,Adolescent,Beauty,4,25,100,,,,,,,,,,,,,,nan,
407,2023-06-25,Female,46,Middle Age,Electronics,3,300,900,,,,,,,,,,,,,,nan,
408,2023-04-15,Female,64,Old,Beauty,1,500,500,,,,,,,,,,,,,,nan,
409,2023-12-18,Female,21,Adolescent,Electronics,3,300,900,,,,,,,,,,,,,,nan,
410,2023-11-21,Female,29,Adolescent,Clothing,2,50,100,,,,,,,,,,,,,,nan,
411,2023-05-16,Male,62,Old,Electronics,4,50,200,,,,,,,,,,,,,,nan,
412,2023-09-16,Female,19,Adolescent,Electronics,4,500,2000,,,,,,,,,,,,,,nan,
413,2023-09-08,Female,44,Middle Age,Beauty,3,25,75,,,,,,,,,,,,,,nan,
414,2023-05-09,Male,48,Middle Age,Beauty,4,25,100,,,,,,,,,,,,,,nan,
415,2023-01-27,Male,53,Middle Age,Clothing,2,30,60,,,,,,,,,,,,,,nan,
416,2023-02-17,Male,53,Middle Age,Electronics,4,500,2000,,,,,,,,,,,,,,nan,
417,2023-11-21,Male,43,Middle Age,Electronics,3,300,900,,,,,,,,,,,,,,nan,
418,2023-08-05,Female,60,Old,Electronics,2,500,1000,,,,,,,,,,,,,,nan,
419,2023-05-22,Female,44,Middle Age,Clothing,3,30,90,,,,,,,,,,,,,,nan,
420,2023-01-23,Female,22,Adolescent,Clothing,4,500,2000,,,,,,,,,,,,,,nan,
421,2023-01-02,Female,37,Middle Age,Clothing,3,500,1500,,,,,,,,,,,,,,nan,
422,2023-06-20,Female,28,Adolescent,Clothing,3,30,90,,,,,,,,,,,,,,nan,
423,2023-03-08,Female,27,Adolescent,Clothing,1,25,25,,,,,,,,,,,,,,nan,
424,2023-11-23,Male,57,Old,Beauty,4,300,1200,,,,,,,,,,,,,,nan,
425,2023-05-15,Female,55,Old,Electronics,4,30,120,,,,,,,,,,,,,,nan,
426,2023-03-24,Male,23,Adolescent,Electronics,3,50,150,,,,,,,,,,,,,,nan,
427,2023-08-15,Male,25,Adolescent,Electronics,1,25,25,,,,,,,,,,,,,,nan,
428,2023-10-10,Female,40,Middle Age,Electronics,4,50,200,,,,,,,,,,,,,,nan,
429,2023-12-28,Male,64,Old,Electronics,2,25,50,,,,,,,,,,,,,,nan,
430,2023-08-07,Female,43,Middle Age,Electronics,3,300,900,,,,,,,,,,,,,,nan,
431,2023-10-15,Male,63,Old,Electronics,4,300,1200,,,,,,,,,,,,,,nan,
432,2023-01-05,Female,60,Old,Electronics,2,500,1000,,,,,,,,,,,,,,nan,
433,2023-02-27,Male,29,Adolescent,Beauty,4,50,200,,,,,,,,,,,,,,nan,
434,2023-02-08,Female,43,Middle Age,Electronics,2,25,50,,,,,,,,,,,,,,nan,
435,2023-12-20,Female,30,Adolescent,Beauty,3,300,900,,,,,,,,,,,,,,nan,
436,2023-03-18,Female,57,Old,Clothing,4,30,120,,,,,,,,,,,,,,nan,
437,2023-10-07,Female,35,Middle Age,Electronics,4,300,1200,,,,,,,,,,,,,,nan,
438,2023-01-19,Female,42,Middle Age,Clothing,1,30,30,,,,,,,,,,,,,,nan,
439,2023-07-09,Male,50,Middle Age,Clothing,3,25,75,,,,,,,,,,,,,,nan,
440,2023-10-26,Male,64,Old,Clothing,2,300,600,,,,,,,,,,,,,,nan,
441,2023-10-10,Male,57,Old,Beauty,4,300,1200,,,,,,,,,,,,,,nan,
442,2023-03-17,Female,60,Old,Clothing,4,25,100,,,,,,,,,,,,,,nan,
443,2023-08-09,Male,29,Adolescent,Clothing,2,300,600,,,,,,,,,,,,,,nan,
444,2023-03-07,Female,61,Old,Clothing,3,30,90,,,,,,,,,,,,,,nan,
445,2023-01-22,Female,53,Middle Age,Electronics,1,300,300,,,,,,,,,,,,,,nan,
446,2023-06-07,Male,21,Adolescent,Electronics,1,50,50,,,,,,,,,,,,,,nan,
447,2023-07-06,Male,22,Adolescent,Beauty,4,500,2000,,,,,,,,,,,,,,nan,
448,2023-01-21,Female,54,Middle Age,Beauty,2,30,60,,,,,,,,,,,,,,nan,
449,2023-07-03,Male,25,Adolescent,Electronics,4,50,200,,,,,,,,,,,,,,nan,
450,2023-04-18,Female,59,Old,Beauty,2,25,50,,,,,,,,,,,,,,nan,
451,2023-12-16,Female,45,Middle Age,Electronics,1,30,30,,,,,,,,,,,,,,nan,
452,2023-05-08,Female,48,Middle Age,Clothing,3,500,1500,,,,,,,,,,,,,,nan,
453,2023-12-08,Female,26,Adolescent,Clothing,2,500,1000,,,,,,,,,,,,,,nan,
454,2023-02-22,Female,46,Middle Age,Beauty,1,25,25,,,,,,,,,,,,,,nan,
455,2023-07-01,Male,31,Adolescent,Electronics,4,25,100,,,,,,,,,,,,,,nan,
456,2023-10-14,Male,57,Old,Electronics,2,30,60,,,,,,,,,,,,,,nan,
457,2023-07-28,Female,58,Old,Beauty,3,300,900,,,,,,,,,,,,,,nan,
458,2023-11-14,Female,39,Middle Age,Electronics,4,25,100,,,,,,,,,,,,,,nan,
459,2023-03-21,Male,28,Adolescent,Clothing,4,300,1200,,,,,,,,,,,,,,nan,
460,2023-05-02,Male,40,Middle Age,Beauty,1,50,50,,,,,,,,,,,,,,nan,
461,2023-03-25,Female,18,Adolescent,Beauty,2,500,1000,,,,,,,,,,,,,,nan,
462,2023-04-01,Male,63,Old,Electronics,4,300,1200,,,,,,,,,,,,,,nan,
463,2023-07-31,Female,54,Middle Age,Beauty,3,500,1500,,,,,,,,,,,,,,nan,
464,2023-01-13,Male,38,Middle Age,Electronics,2,300,600,,,,,,,,,,,,,,nan,
465,2023-04-02,Female,43,Middle Age,Electronics,3,50,150,,,,,,,,,,,,,,nan,
466,2023-06-20,Male,63,Old,Electronics,4,25,100,,,,,,,,,,,,,,nan,
467,2023-07-30,Female,53,Middle Age,Electronics,3,50,150,,,,,,,,,,,,,,nan,
468,2023-12-09,Male,40,Middle Age,Electronics,1,25,25,,,,,,,,,,,,,,nan,
469,2023-05-08,Male,18,Adolescent,Beauty,3,25,75,,,,,,,,,,,,,,nan,
470,2023-05-17,Female,57,Old,Clothing,2,500,1000,,,,,,,,,,,,,,nan,
471,2023-03-23,Male,32,Middle Age,Clothing,3,50,150,,,,,,,,,,,,,,nan,
472,2023-12-26,Female,38,Middle Age,Beauty,3,300,900,,,,,,,,,,,,,,nan,
473,2023-02-25,Male,64,Old,Beauty,1,50,50,,,,,,,,,,,,,,nan,
474,2023-07-15,Female,26,Adolescent,Clothing,3,500,1500,,,,,,,,,,,,,,nan,
475,2023-01-20,Male,26,Adolescent,Clothing,3,25,75,,,,,,,,,,,,,,nan,
476,2023-08-29,Female,27,Adolescent,Clothing,4,500,2000,,,,,,,,,,,,,,nan,
477,2023-04-24,Male,43,Middle Age,Clothing,4,30,120,,,,,,,,,,,,,,nan,
478,2023-04-13,Female,58,Old,Clothing,2,30,60,,,,,,,,,,,,,,nan,
479,2023-08-24,Male,52,Middle Age,Electronics,4,300,1200,,,,,,,,,,,,,,nan,
480,2023-06-29,Female,42,Middle Age,Beauty,4,500,2000,,,,,,,,,,,,,,nan,
481,2023-06-06,Female,43,Middle Age,Electronics,4,300,1200,,,,,,,,,,,,,,nan,
482,2023-04-27,Female,28,Adolescent,Clothing,4,300,1200,,,,,,,,,,,,,,nan,
483,2023-04-25,Male,55,Old,Clothing,1,30,30,,,,,,,,,,,,,,nan,
484,2023-01-13,Female,19,Adolescent,Clothing,4,300,1200,,,,,,,,,,,,,,nan,
485,2023-12-04,Male,24,Adolescent,Electronics,1,30,30,,,,,,,,,,,,,,nan,
486,2023-04-09,Female,35,Middle Age,Electronics,1,25,25,,,,,,,,,,,,,,nan,
487,2023-07-24,Male,44,Middle Age,Clothing,4,500,2000,,,,,,,,,,,,,,nan,
488,2023-06-18,Female,51,Middle Age,Electronics,3,300,900,,,,,,,,,,,,,,nan,
489,2023-05-23,Male,44,Middle Age,Electronics,1,30,30,,,,,,,,,,,,,,nan,
490,2023-02-05,Male,34,Middle Age,Clothing,3,50,150,,,,,,,,,,,,,,nan,
491,2023-05-23,Female,60,Old,Electronics,3,300,900,,,,,,,,,,,,,,nan,
492,2023-06-29,Male,61,Old,Beauty,4,25,100,,,,,,,,,,,,,,nan,
493,2023-11-25,Male,41,Middle Age,Beauty,2,25,50,,,,,,,,,,,,,,nan,
494,2023-09-18,Female,42,Middle Age,Beauty,4,50,200,,,,,,,,,,,,,,nan,
495,2023-07-24,Male,24,Adolescent,Beauty,2,30,60,,,,,,,,,,,,,,nan,
496,2023-12-14,Male,23,Adolescent,Clothing,2,300,600,,,,,,,,,,,,,,nan,
497,2023-10-02,Male,41,Middle Age,Clothing,4,30,120,,,,,,,,,,,,,,nan,
498,2023-06-19,Female,50,Middle Age,Clothing,4,25,100,,,,,,,,,,,,,,nan,
499,2023-01-15,Male,46,Middle Age,Beauty,2,30,60,,,,,,,,,,,,,,nan,
500,2023-03-01,Female,60,Old,Beauty,4,25,100,,,,,,,,,,,,,,nan,
501,2023-05-14,Male,39,Middle Age,Electronics,2,30,60,,,,,,,,,,,,,,nan,
502,2023-04-02,Male,43,Middle Age,Electronics,3,50,150,,,,,,,,,,,,,,nan,
503,2023-10-25,Male,45,Middle Age,Beauty,4,500,2000,,,,,,,,,,,,,,nan,
504,2023-05-16,Female,38,Middle Age,Beauty,3,50,150,,,,,,,,,,,,,,nan,
505,2023-01-20,Male,24,Adolescent,Beauty,1,50,50,,,,,,,,,,,,,,nan,
506,2023-02-25,Male,34,Middle Age,Beauty,3,500,1500,,,,,,,,,,,,,,nan,
507,2023-11-02,Female,37,Middle Age,Electronics,3,500,1500,,,,,,,,,,,,,,nan,
508,2023-08-11,Male,58,Old,Beauty,2,300,600,,,,,,,,,,,,,,nan,
509,2023-06-26,Female,37,Middle Age,Electronics,3,300,900,,,,,,,,,,,,,,nan,
510,2023-06-10,Female,39,Middle Age,Beauty,4,50,200,,,,,,,,,,,,,,nan,
511,2023-08-12,Male,45,Middle Age,Beauty,2,50,100,,,,,,,,,,,,,,nan,
512,2023-11-07,Female,57,Old,Beauty,1,25,25,,,,,,,,,,,,,,nan,
513,2023-09-19,Male,24,Adolescent,Electronics,4,25,100,,,,,,,,,,,,,,nan,
514,2023-03-01,Female,18,Adolescent,Electronics,1,300,300,,,,,,,,,,,,,,nan,
515,2023-07-17,Female,49,Middle Age,Clothing,3,300,900,,,,,,,,,,,,,,nan,
516,2023-10-23,Male,30,Adolescent,Beauty,4,25,100,,,,,,,,,,,,,,nan,
517,2023-04-08,Female,47,Middle Age,Clothing,4,25,100,,,,,,,,,,,,,,nan,
518,2023-05-11,Female,40,Middle Age,Clothing,1,30,30,,,,,,,,,,,,,,nan,
519,2023-01-23,Female,36,Middle Age,Electronics,4,30,120,,,,,,,,,,,,,,nan,
520,2023-12-29,Female,49,Middle Age,Electronics,4,25,100,,,,,,,,,,,,,,nan,
521,2023-08-12,Female,47,Middle Age,Clothing,4,30,120,,,,,,,,,,,,,,nan,
522,2023-01-01,Male,46,Middle Age,Beauty,3,500,1500,,,,,,,,,,,,,,nan,
523,2023-09-24,Female,62,Old,Electronics,1,300,300,,,,,,,,,,,,,,nan,
524,2023-10-03,Male,46,Middle Age,Beauty,4,300,1200,,,,,,,,,,,,,,nan,
525,2023-12-18,Female,47,Middle Age,Beauty,2,25,50,,,,,,,,,,,,,,nan,
526,2023-12-10,Male,33,Middle Age,Clothing,2,50,100,,,,,,,,,,,,,,nan,
527,2023-04-11,Male,57,Old,Clothing,2,25,50,,,,,,,,,,,,,,nan,
528,2023-07-06,Female,36,Middle Age,Clothing,2,30,60,,,,,,,,,,,,,,nan,
529,2023-08-09,Female,35,Middle Age,Clothing,3,50,150,,,,,,,,,,,,,,nan,
530,2023-02-05,Female,18,Adolescent,Electronics,4,30,120,,,,,,,,,,,,,,nan,
531,2023-12-07,Male,31,Adolescent,Electronics,1,500,500,,,,,,,,,,,,,,nan,
532,2023-06-19,Female,64,Old,Clothing,4,30,120,,,,,,,,,,,,,,nan,
533,2023-11-16,Male,19,Adolescent,Electronics,3,500,1500,,,,,,,,,,,,,,nan,
534,2023-06-10,Male,45,Middle Age,Clothing,2,500,1000,,,,,,,,,,,,,,nan,
535,2023-12-06,Male,47,Middle Age,Beauty,3,30,90,,,,,,,,,,,,,,nan,
536,2023-03-05,Female,55,Old,Beauty,4,30,120,,,,,,,,,,,,,,nan,
537,2023-06-03,Female,21,Adolescent,Beauty,1,500,500,,,,,,,,,,,,,,nan,
538,2023-09-17,Male,18,Adolescent,Clothing,3,50,150,,,,,,,,,,,,,,nan,
539,2023-06-08,Male,25,Adolescent,Beauty,1,500,500,,,,,,,,,,,,,,nan,
540,2023-12-08,Female,46,Middle Age,Electronics,3,300,900,,,,,,,,,,,,,,nan,
541,2023-07-29,Male,56,Old,Beauty,1,500,500,,,,,,,,,,,,,,nan,
542,2023-06-17,Female,20,Adolescent,Beauty,1,50,50,,,,,,,,,,,,,,nan,
543,2023-07-26,Male,49,Middle Age,Beauty,2,300,600,,,,,,,,,,,,,,nan,
544,2023-12-23,Female,27,Adolescent,Electronics,1,25,25,,,,,,,,,,,,,,nan,
545,2023-06-01,Male,27,Adolescent,Clothing,2,25,50,,,,,,,,,,,,,,nan,
546,2023-10-11,Female,36,Middle Age,Electronics,4,50,200,,,,,,,,,,,,,,nan,
547,2023-03-07,Male,63,Old,Clothing,4,500,2000,,,,,,,,,,,,,,nan,
548,2023-04-09,Female,51,Middle Age,Clothing,2,30,60,,,,,,,,,,,,,,nan,
549,2023-08-04,Female,50,Middle Age,Beauty,2,50,100,,,,,,,,,,,,,,nan,
550,2023-12-07,Male,40,Middle Age,Clothing,3,300,900,,,,,,,,,,,,,,nan,
551,2023-07-14,Male,45,Middle Age,Electronics,3,300,900,,,,,,,,,,,,,,nan,
552,2023-12-13,Female,49,Middle Age,Electronics,3,25,75,,,,,,,,,,,,,,nan,
553,2023-03-31,Male,24,Adolescent,Clothing,4,300,1200,,,,,,,,,,,,,,nan,
554,2023-11-12,Female,46,Middle Age,Beauty,3,50,150,,,,,,,,,,,,,,nan,
555,2023-10-19,Male,25,Adolescent,Beauty,1,300,300,,,,,,,,,,,,,,nan,
556,2023-06-04,Female,18,Adolescent,Electronics,1,50,50,,,,,,,,,,,,,,nan,
557,2023-07-27,Female,20,Adolescent,Beauty,3,30,90,,,,,,,,,,,,,,nan,
558,2023-10-08,Female,41,Middle Age,Clothing,1,25,25,,,,,,,,,,,,,,nan,
559,2023-01-01,Female,40,Middle Age,Clothing,4,300,1200,,,,,,,,,,,,,,nan,
560,2023-06-05,Female,25,Adolescent,Electronics,1,50,50,,,,,,,,,,,,,,nan,
561,2023-05-27,Female,64,Old,Clothing,4,500,2000,,,,,,,,,,,,,,nan,
562,2023-04-18,Male,54,Middle Age,Electronics,2,25,50,,,,,,,,,,,,,,nan,
563,2023-08-09,Male,20,Adolescent,Clothing,2,30,60,,,,,,,,,,,,,,nan,
564,2023-10-24,Male,50,Middle Age,Electronics,2,50,100,,,,,,,,,,,,,,nan,
565,2023-11-07,Female,45,Middle Age,Beauty,2,30,60,,,,,,,,,,,,,,nan,
566,2023-12-02,Female,64,Old,Clothing,1,30,30,,,,,,,,,,,,,,nan,
567,2023-06-14,Female,25,Adolescent,Clothing,3,300,900,,,,,,,,,,,,,,nan,
568,2023-08-27,Female,51,Middle Age,Electronics,1,300,300,,,,,,,,,,,,,,nan,
569,2023-08-15,Male,52,Middle Age,Electronics,4,50,200,,,,,,,,,,,,,,nan,
570,2023-08-15,Male,49,Middle Age,Clothing,1,500,500,,,,,,,,,,,,,,nan,
571,2023-12-12,Female,41,Middle Age,Electronics,1,50,50,,,,,,,,,,,,,,nan,
572,2023-04-20,Male,31,Adolescent,Clothing,4,500,2000,,,,,,,,,,,,,,nan,
573,2023-09-19,Male,49,Middle Age,Beauty,2,30,60,,,,,,,,,,,,,,nan,
574,2023-08-31,Female,63,Old,Electronics,2,25,50,,,,,,,,,,,,,,nan,
575,2023-03-28,Male,60,Old,Clothing,2,50,100,,,,,,,,,,,,,,nan,
576,2023-12-04,Female,33,Middle Age,Beauty,3,50,150,,,,,,,,,,,,,,nan,
577,2023-02-13,Male,21,Adolescent,Beauty,4,500,2000,,,,,,,,,,,,,,nan,
578,2023-05-26,Female,54,Middle Age,Clothing,4,30,120,,,,,,,,,,,,,,nan,
579,2023-09-21,Female,38,Middle Age,Electronics,1,30,30,,,,,,,,,,,,,,nan,
580,2023-12-06,Female,31,Adolescent,Clothing,3,500,1500,,,,,,,,,,,,,,nan,
581,2023-11-21,Female,48,Middle Age,Beauty,2,30,60,,,,,,,,,,,,,,nan,
582,2023-11-14,Male,35,Middle Age,Clothing,3,300,900,,,,,,,,,,,,,,nan,
583,2023-06-21,Female,24,Adolescent,Electronics,4,25,100,,,,,,,,,,,,,,nan,
584,2023-02-17,Female,27,Adolescent,Beauty,4,50,200,,,,,,,,,,,,,,nan,
585,2023-05-01,Female,24,Adolescent,Clothing,1,25,25,,,,,,,,,,,,,,nan,
586,2023-12-11,Male,50,Middle Age,Electronics,1,50,50,,,,,,,,,,,,,,nan,
587,2023-06-08,Female,40,Middle Age,Beauty,4,300,1200,,,,,,,,,,,,,,nan,
588,2023-04-26,Male,38,Middle Age,Electronics,2,30,60,,,,,,,,,,,,,,nan,
589,2023-04-12,Female,36,Middle Age,Beauty,2,500,1000,,,,,,,,,,,,,,nan,
590,2023-03-17,Male,36,Middle Age,Clothing,3,300,900,,,,,,,,,,,,,,nan,
591,2023-01-13,Male,53,Middle Age,Electronics,4,25,100,,,,,,,,,,,,,,nan,
592,2023-01-24,Female,46,Middle Age,Beauty,4,500,2000,,,,,,,,,,,,,,nan,
593,2023-05-06,Male,35,Middle Age,Electronics,2,30,60,,,,,,,,,,,,,,nan,
594,2023-09-01,Female,19,Adolescent,Electronics,2,300,600,,,,,,,,,,,,,,nan,
595,2023-11-09,Female,18,Adolescent,Clothing,4,500,2000,,,,,,,,,,,,,,nan,
596,2023-02-07,Female,64,Old,Electronics,1,300,300,,,,,,,,,,,,,,nan,
597,2023-08-22,Male,22,Adolescent,Beauty,4,300,1200,,,,,,,,,,,,,,nan,
598,2023-08-01,Male,37,Middle Age,Beauty,4,30,120,,,,,,,,,,,,,,nan,
599,2023-11-19,Female,28,Adolescent,Beauty,2,50,100,,,,,,,,,,,,,,nan,
600,2023-10-22,Female,59,Old,Beauty,2,500,1000,,,,,,,,,,,,,,nan,
601,2023-04-10,Male,19,Adolescent,Clothing,1,30,30,,,,,,,,,,,,,,nan,
602,2023-12-23,Female,20,Adolescent,Electronics,1,300,300,,,,,,,,,,,,,,nan,
603,2023-07-16,Female,40,Middle Age,Clothing,3,30,90,,,,,,,,,,,,,,nan,
604,2023-09-11,Female,29,Adolescent,Electronics,4,50,200,,,,,,,,,,,,,,nan,
605,2023-07-24,Male,37,Middle Age,Electronics,2,500,1000,,,,,,,,,,,,,,nan,
606,2023-05-05,Male,22,Adolescent,Electronics,1,50,50,,,,,,,,,,,,,,nan,
607,2023-03-17,Male,54,Middle Age,Clothing,3,25,75,,,,,,,,,,,,,,nan,
608,2023-12-02,Female,55,Old,Electronics,3,500,1500,,,,,,,,,,,,,,nan,
609,2023-12-19,Female,47,Middle Age,Clothing,2,50,100,,,,,,,,,,,,,,nan,
610,2023-01-03,Female,26,Adolescent,Beauty,2,300,600,,,,,,,,,,,,,,nan,
611,2023-02-24,Male,51,Middle Age,Beauty,3,500,1500,,,,,,,,,,,,,,nan,
612,2023-08-06,Female,61,Old,Electronics,1,500,500,,,,,,,,,,,,,,nan,
613,2023-04-23,Female,52,Middle Age,Clothing,3,30,90,,,,,,,,,,,,,,nan,
614,2023-04-01,Female,39,Middle Age,Beauty,4,300,1200,,,,,,,,,,,,,,nan,
615,2023-12-23,Female,61,Old,Clothing,4,25,100,,,,,,,,,,,,,,nan,
616,2023-09-23,Male,41,Middle Age,Clothing,2,50,100,,,,,,,,,,,,,,nan,
617,2023-08-26,Male,34,Middle Age,Electronics,1,30,30,,,,,,,,,,,,,,nan,
618,2023-01-26,Female,27,Adolescent,Beauty,1,50,50,,,,,,,,,,,,,,nan,
619,2023-10-13,Male,47,Middle Age,Electronics,4,25,100,,,,,,,,,,,,,,nan,
620,2023-05-08,Male,63,Old,Electronics,3,25,75,,,,,,,,,,,,,,nan,
621,2023-03-04,Female,40,Middle Age,Beauty,2,500,1000,,,,,,,,,,,,,,nan,
622,2023-08-22,Female,49,Middle Age,Beauty,3,25,75,,,,,,,,,,,,,,nan,
623,2023-03-10,Male,34,Middle Age,Clothing,3,50,150,,,,,,,,,,,,,,nan,
624,2023-08-26,Female,34,Middle Age,Beauty,3,300,900,,,,,,,,,,,,,,nan,
625,2023-12-08,Male,31,Adolescent,Clothing,1,300,300,,,,,,,,,,,,,,nan,
626,2023-09-29,Female,26,Adolescent,Clothing,4,500,2000,,,,,,,,,,,,,,nan,
627,2023-10-14,Male,57,Old,Clothing,1,50,50,,,,,,,,,,,,,,nan,
628,2023-11-01,Female,19,Adolescent,Beauty,4,50,200,,,,,,,,,,,,,,nan,
629,2023-06-12,Male,62,Old,Electronics,2,25,50,,,,,,,,,,,,,,nan,
630,2023-08-15,Male,42,Middle Age,Clothing,2,50,100,,,,,,,,,,,,,,nan,
631,2023-11-10,Male,56,Old,Electronics,3,30,90,,,,,,,,,,,,,,nan,
632,2023-09-16,Female,26,Adolescent,Electronics,4,25,100,,,,,,,,,,,,,,nan,
633,2023-08-07,Male,39,Middle Age,Beauty,4,30,120,,,,,,,,,,,,,,nan,
634,2023-10-08,Male,60,Old,Electronics,4,500,2000,,,,,,,,,,,,,,nan,
635,2023-08-17,Female,63,Old,Electronics,3,300,900,,,,,,,,,,,,,,nan,
636,2023-03-23,Female,21,Adolescent,Beauty,3,500,1500,,,,,,,,,,,,,,nan,
637,2023-09-01,Male,43,Middle Age,Clothing,2,300,600,,,,,,,,,,,,,,nan,
638,2023-08-19,Male,46,Middle Age,Electronics,1,500,500,,,,,,,,,,,,,,nan,
639,2023-05-13,Female,62,Old,Beauty,4,50,200,,,,,,,,,,,,,,nan,
640,2023-05-07,Female,51,Middle Age,Electronics,4,30,120,,,,,,,,,,,,,,nan,
641,2023-11-23,Female,40,Middle Age,Electronics,1,300,300,,,,,,,,,,,,,,nan,
642,2023-05-22,Female,54,Middle Age,Clothing,4,25,100,,,,,,,,,,,,,,nan,
643,2023-09-24,Female,28,Adolescent,Electronics,3,30,90,,,,,,,,,,,,,,nan,
644,2023-09-06,Male,23,Adolescent,Beauty,3,25,75,,,,,,,,,,,,,,nan,
645,2023-11-17,Female,35,Middle Age,Electronics,4,30,120,,,,,,,,,,,,,,nan,
646,2023-05-03,Male,38,Middle Age,Clothing,3,30,90,,,,,,,,,,,,,,nan,
647,2023-05-21,Male,59,Old,Clothing,3,500,1500,,,,,,,,,,,,,,nan,
648,2023-08-14,Male,53,Middle Age,Beauty,4,300,1200,,,,,,,,,,,,,,nan,
649,2023-02-09,Female,58,Old,Clothing,2,300,600,,,,,,,,,,,,,,nan,
650,2024-01-01,Male,55,Old,Electronics,1,30,30,,,,,,,,,,,,,,nan,
651,2023-05-27,Male,51,Middle Age,Clothing,3,50,150,,,,,,,,,,,,,,nan,
652,2023-05-01,Female,34,Middle Age,Beauty,2,50,100,,,,,,,,,,,,,,nan,
653,2023-05-20,Male,54,Middle Age,Clothing,3,25,75,,,,,,,,,,,,,,nan,
654,2023-06-21,Male,42,Middle Age,Clothing,3,25,75,,,,,,,,,,,,,,nan,
655,2023-06-13,Female,55,Old,Clothing,1,500,500,,,,,,,,,,,,,,nan,
656,2023-10-04,Male,29,Adolescent,Beauty,3,30,90,,,,,,,,,,,,,,nan,
657,2023-02-11,Male,40,Middle Age,Clothing,1,25,25,,,,,,,,,,,,,,nan,
658,2023-03-12,Male,59,Old,Clothing,1,25,25,,,,,,,,,,,,,,nan,
659,2023-03-19,Female,39,Middle Age,Electronics,1,30,30,,,,,,,,,,,,,,nan,
660,2023-04-29,Female,38,Middle Age,Beauty,2,500,1000,,,,,,,,,,,,,,nan,
661,2023-07-16,Female,44,Middle Age,Clothing,4,25,100,,,,,,,,,,,,,,nan,
662,2023-12-22,Male,48,Middle Age,Beauty,2,500,1000,,,,,,,,,,,,,,nan,
663,2023-03-20,Male,23,Adolescent,Clothing,4,300,1200,,,,,,,,,,,,,,nan,
664,2023-12-28,Female,44,Middle Age,Clothing,4,500,2000,,,,,,,,,,,,,,nan,
665,2023-04-20,Male,57,Old,Clothing,1,50,50,,,,,,,,,,,,,,nan,
666,2023-02-02,Male,51,Middle Age,Electronics,3,50,150,,,,,,,,,,,,,,nan,
667,2023-08-01,Female,29,Adolescent,Electronics,1,500,500,,,,,,,,,,,,,,nan,
668,2023-07-28,Female,62,Old,Electronics,3,50,150,,,,,,,,,,,,,,nan,
669,2023-06-19,Male,24,Adolescent,Beauty,4,300,1200,,,,,,,,,,,,,,nan,
670,2023-10-05,Male,27,Adolescent,Beauty,1,30,30,,,,,,,,,,,,,,nan,
671,2023-08-27,Male,62,Old,Electronics,3,50,150,,,,,,,,,,,,,,nan,
672,2023-08-01,Female,34,Middle Age,Beauty,2,50,100,,,,,,,,,,,,,,nan,
673,2023-02-01,Female,43,Middle Age,Clothing,3,500,1500,,,,,,,,,,,,,,nan,
674,2023-04-16,Female,38,Middle Age,Clothing,1,300,300,,,,,,,,,,,,,,nan,
675,2023-08-04,Female,45,Middle Age,Clothing,2,30,60,,,,,,,,,,,,,,nan,
676,2023-07-19,Male,63,Old,Electronics,3,500,1500,,,,,,,,,,,,,,nan,
677,2023-10-27,Female,19,Adolescent,Beauty,3,500,1500,,,,,,,,,,,,,,nan,
678,2023-12-23,Female,60,Old,Electronics,3,300,900,,,,,,,,,,,,,,nan,
679,2023-01-11,Female,18,Adolescent,Beauty,3,30,90,,,,,,,,,,,,,,nan,
680,2023-10-22,Female,53,Middle Age,Clothing,3,300,900,,,,,,,,,,,,,,nan,
681,2023-07-14,Female,43,Middle Age,Electronics,2,30,60,,,,,,,,,,,,,,nan,
682,2023-09-02,Male,46,Middle Age,Beauty,4,300,1200,,,,,,,,,,,,,,nan,
683,2023-01-04,Male,38,Middle Age,Beauty,2,500,1000,,,,,,,,,,,,,,nan,
684,2023-06-30,Female,28,Adolescent,Clothing,2,500,1000,,,,,,,,,,,,,,nan,
685,2023-06-02,Male,57,Old,Electronics,2,25,50,,,,,,,,,,,,,,nan,
686,2023-07-19,Female,28,Adolescent,Electronics,4,50,200,,,,,,,,,,,,,,nan,
687,2023-08-03,Female,53,Middle Age,Electronics,1,300,300,,,,,,,,,,,,,,nan,
688,2023-10-03,Male,56,Old,Clothing,4,25,100,,,,,,,,,,,,,,nan,
689,2023-10-07,Male,57,Old,Electronics,2,50,100,,,,,,,,,,,,,,nan,
690,2023-11-05,Female,52,Middle Age,Clothing,3,300,900,,,,,,,,,,,,,,nan,
691,2023-04-23,Female,51,Middle Age,Clothing,3,30,90,,,,,,,,,,,,,,nan,
692,2023-09-07,Female,64,Old,Clothing,2,50,100,,,,,,,,,,,,,,nan,
693,2023-04-23,Male,41,Middle Age,Beauty,3,500,1500,,,,,,,,,,,,,,nan,
694,2023-05-20,Female,39,Middle Age,Electronics,2,25,50,,,,,,,,,,,,,,nan,
695,2023-08-12,Female,22,Adolescent,Electronics,3,50,150,,,,,,,,,,,,,,nan,
696,2023-09-06,Female,50,Middle Age,Clothing,4,50,200,,,,,,,,,,,,,,nan,
697,2023-01-15,Male,53,Middle Age,Clothing,1,500,500,,,,,,,,,,,,,,nan,
698,2023-07-19,Female,64,Old,Electronics,1,300,300,,,,,,,,,,,,,,nan,
699,2023-06-22,Female,37,Middle Age,Clothing,4,30,120,,,,,,,,,,,,,,nan,
700,2023-12-09,Male,36,Middle Age,Electronics,4,500,2000,,,,,,,,,,,,,,nan,
701,2023-12-14,Female,52,Middle Age,Beauty,2,30,60,,,,,,,,,,,,,,nan,
702,2023-07-27,Female,60,Old,Clothing,2,300,600,,,,,,,,,,,,,,nan,
703,2023-03-26,Male,34,Middle Age,Electronics,2,50,100,,,,,,,,,,,,,,nan,
704,2023-08-28,Female,62,Old,Clothing,3,30,90,,,,,,,,,,,,,,nan,
705,2023-03-07,Male,60,Old,Electronics,2,25,50,,,,,,,,,,,,,,nan,
706,2023-11-15,Male,51,Middle Age,Electronics,4,25,100,,,,,,,,,,,,,,nan,
707,2023-10-01,Female,26,Adolescent,Clothing,1,500,500,,,,,,,,,,,,,,nan,
708,2023-01-14,Female,43,Middle Age,Beauty,3,300,900,,,,,,,,,,,,,,nan,
709,2023-07-21,Female,19,Adolescent,Electronics,2,500,1000,,,,,,,,,,,,,,nan,
710,2023-10-31,Female,26,Adolescent,Electronics,3,500,1500,,,,,,,,,,,,,,nan,
711,2023-10-16,Male,26,Adolescent,Electronics,3,500,1500,,,,,,,,,,,,,,nan,
712,2023-12-06,Female,57,Old,Beauty,2,25,50,,,,,,,,,,,,,,nan,
713,2023-01-14,Male,34,Middle Age,Beauty,3,25,75,,,,,,,,,,,,,,nan,
714,2023-02-12,Female,18,Adolescent,Clothing,1,500,500,,,,,,,,,,,,,,nan,
715,2023-11-26,Female,42,Middle Age,Beauty,4,25,100,,,,,,,,,,,,,,nan,
716,2023-08-08,Female,60,Old,Clothing,4,300,1200,,,,,,,,,,,,,,nan,
717,2023-03-11,Male,57,Old,Clothing,1,500,500,,,,,,,,,,,,,,nan,
718,2023-08-25,Female,59,Old,Beauty,3,25,75,,,,,,,,,,,,,,nan,
719,2023-04-04,Female,42,Middle Age,Clothing,2,30,60,,,,,,,,,,,,,,nan,
720,2023-01-26,Female,56,Old,Beauty,3,500,1500,,,,,,,,,,,,,,nan,
721,2023-05-14,Female,52,Middle Age,Clothing,1,500,500,,,,,,,,,,,,,,nan,
722,2023-07-14,Male,20,Adolescent,Beauty,3,300,900,,,,,,,,,,,,,,nan,
723,2023-06-17,Female,54,Middle Age,Beauty,4,50,200,,,,,,,,,,,,,,nan,
724,2023-04-19,Male,61,Old,Clothing,3,50,150,,,,,,,,,,,,,,nan,
725,2023-08-21,Male,61,Old,Electronics,1,300,300,,,,,,,,,,,,,,nan,
726,2023-06-17,Male,47,Middle Age,Clothing,4,300,1200,,,,,,,,,,,,,,nan,
727,2023-06-22,Male,55,Old,Beauty,3,300,900,,,,,,,,,,,,,,nan,
728,2023-07-14,Male,51,Middle Age,Electronics,3,50,150,,,,,,,,,,,,,,nan,
729,2023-05-23,Male,29,Adolescent,Clothing,4,300,1200,,,,,,,,,,,,,,nan,
730,2023-08-04,Female,36,Middle Age,Clothing,2,25,50,,,,,,,,,,,,,,nan,
731,2023-05-10,Male,54,Middle Age,Clothing,4,500,2000,,,,,,,,,,,,,,nan,
732,2023-02-11,Male,61,Old,Electronics,2,500,1000,,,,,,,,,,,,,,nan,
733,2023-08-29,Male,34,Middle Age,Beauty,1,30,30,,,,,,,,,,,,,,nan,
734,2023-01-10,Female,27,Adolescent,Clothing,1,30,30,,,,,,,,,,,,,,nan,
735,2023-10-04,Female,64,Old,Clothing,4,500,2000,,,,,,,,,,,,,,nan,
736,2023-01-27,Male,29,Adolescent,Clothing,4,25,100,,,,,,,,,,,,,,nan,
737,2023-06-29,Female,33,Middle Age,Clothing,1,50,50,,,,,,,,,,,,,,nan,
738,2023-04-25,Male,41,Middle Age,Clothing,2,50,100,,,,,,,,,,,,,,nan,
739,2023-11-29,Male,36,Middle Age,Beauty,1,25,25,,,,,,,,,,,,,,nan,
740,2023-02-05,Female,25,Adolescent,Beauty,4,50,200,,,,,,,,,,,,,,nan,
741,2023-11-30,Male,48,Middle Age,Clothing,1,300,300,,,,,,,,,,,,,,nan,
742,2023-01-21,Female,38,Middle Age,Electronics,4,500,2000,,,,,,,,,,,,,,nan,
743,2023-01-16,Female,34,Middle Age,Beauty,4,500,2000,,,,,,,,,,,,,,nan,
744,2023-05-07,Male,40,Middle Age,Electronics,1,25,25,,,,,,,,,,,,,,nan,
745,2023-04-13,Male,54,Middle Age,Beauty,2,50,100,,,,,,,,,,,,,,nan,
746,2023-01-11,Female,33,Middle Age,Clothing,3,30,90,,,,,,,,,,,,,,nan,
747,2023-11-15,Male,23,Adolescent,Beauty,1,30,30,,,,,,,,,,,,,,nan,
748,2023-03-20,Male,25,Adolescent,Clothing,3,50,150,,,,,,,,,,,,,,nan,
749,2023-05-03,Male,42,Middle Age,Beauty,1,30,30,,,,,,,,,,,,,,nan,
750,2023-03-06,Female,35,Middle Age,Clothing,3,25,75,,,,,,,,,,,,,,nan,
751,2023-08-31,Female,42,Middle Age,Clothing,2,25,50,,,,,,,,,,,,,,nan,
752,2023-12-09,Male,29,Adolescent,Clothing,2,50,100,,,,,,,,,,,,,,nan,
753,2023-02-28,Female,32,Middle Age,Clothing,1,30,30,,,,,,,,,,,,,,nan,
754,2023-10-16,Female,43,Middle Age,Electronics,4,25,100,,,,,,,,,,,,,,nan,
755,2023-04-22,Female,58,Old,Clothing,3,25,75,,,,,,,,,,,,,,nan,
756,2023-08-27,Female,62,Old,Electronics,4,300,1200,,,,,,,,,,,,,,nan,
757,2023-12-25,Female,43,Middle Age,Electronics,4,300,1200,,,,,,,,,,,,,,nan,
758,2023-05-12,Male,64,Old,Clothing,4,25,100,,,,,,,,,,,,,,nan,
759,2023-07-08,Male,49,Middle Age,Electronics,2,50,100,,,,,,,,,,,,,,nan,
760,2023-03-27,Male,27,Adolescent,Beauty,1,500,500,,,,,,,,,,,,,,nan,
761,2023-11-07,Female,33,Middle Age,Clothing,1,500,500,,,,,,,,,,,,,,nan,
762,2023-11-07,Female,24,Adolescent,Electronics,2,25,50,,,,,,,,,,,,,,nan,
763,2023-02-28,Male,34,Middle Age,Clothing,2,25,50,,,,,,,,,,,,,,nan,
764,2023-03-25,Female,40,Middle Age,Clothing,1,25,25,,,,,,,,,,,,,,nan,
765,2023-06-09,Male,43,Middle Age,Clothing,4,50,200,,,,,,,,,,,,,,nan,
766,2023-02-25,Male,38,Middle Age,Electronics,3,300,900,,,,,,,,,,,,,,nan,
767,2023-10-24,Male,39,Middle Age,Beauty,3,25,75,,,,,,,,,,,,,,nan,
768,2023-01-14,Female,24,Adolescent,Beauty,3,25,75,,,,,,,,,,,,,,nan,
769,2023-06-09,Female,31,Adolescent,Electronics,4,30,120,,,,,,,,,,,,,,nan,
770,2023-10-22,Male,32,Middle Age,Clothing,1,50,50,,,,,,,,,,,,,,nan,
771,2023-12-13,Male,24,Adolescent,Electronics,2,25,50,,,,,,,,,,,,,,nan,
772,2023-07-12,Male,26,Adolescent,Electronics,1,30,30,,,,,,,,,,,,,,nan,
773,2023-07-23,Male,25,Adolescent,Electronics,4,500,2000,,,,,,,,,,,,,,nan,
774,2023-04-12,Female,40,Middle Age,Clothing,2,25,50,,,,,,,,,,,,,,nan,
775,2023-02-08,Female,46,Middle Age,Electronics,4,25,100,,,,,,,,,,,,,,nan,
776,2023-10-31,Male,35,Middle Age,Clothing,3,30,90,,,,,,,,,,,,,,nan,
777,2023-12-20,Male,48,Middle Age,Electronics,3,50,150,,,,,,,,,,,,,,nan,
778,2023-11-18,Female,47,Middle Age,Beauty,4,25,100,,,,,,,,,,,,,,nan,
779,2023-05-05,Female,56,Old,Electronics,2,500,1000,,,,,,,,,,,,,,nan,
780,2023-02-22,Male,52,Middle Age,Electronics,2,25,50,,,,,,,,,,,,,,nan,
781,2023-12-23,Male,35,Middle Age,Beauty,1,500,500,,,,,,,,,,,,,,nan,
782,2023-06-04,Male,59,Old,Clothing,3,300,900,,,,,,,,,,,,,,nan,
783,2023-12-17,Female,56,Old,Clothing,1,300,300,,,,,,,,,,,,,,nan,
784,2023-11-04,Female,34,Middle Age,Electronics,1,500,500,,,,,,,,,,,,,,nan,
785,2023-03-03,Female,31,Adolescent,Beauty,4,50,200,,,,,,,,,,,,,,nan,
786,2023-10-17,Male,48,Middle Age,Clothing,4,25,100,,,,,,,,,,,,,,nan,
787,2023-01-22,Male,41,Middle Age,Electronics,1,25,25,,,,,,,,,,,,,,nan,
788,2023-06-27,Female,52,Middle Age,Beauty,3,300,900,,,,,,,,,,,,,,nan,
789,2023-09-30,Female,61,Old,Clothing,4,500,2000,,,,,,,,,,,,,,nan,
790,2023-08-08,Male,62,Old,Clothing,1,25,25,,,,,,,,,,,,,,nan,
791,2023-12-05,Female,51,Middle Age,Beauty,1,25,25,,,,,,,,,,,,,,nan,
792,2023-07-09,Female,20,Adolescent,Beauty,1,50,50,,,,,,,,,,,,,,nan,
793,2023-02-05,Male,54,Middle Age,Beauty,1,30,30,,,,,,,,,,,,,,nan,
794,2023-09-17,Female,60,Old,Beauty,1,300,300,,,,,,,,,,,,,,nan,
795,2023-11-28,Male,57,Old,Electronics,1,300,300,,,,,,,,,,,,,,nan,
796,2023-06-24,Male,43,Middle Age,Beauty,4,30,120,,,,,,,,,,,,,,nan,
797,2023-01-07,Male,40,Middle Age,Clothing,3,25,75,,,,,,,,,,,,,,nan,
798,2023-08-04,Male,61,Old,Clothing,1,50,50,,,,,,,,,,,,,,nan,
799,2023-09-08,Male,56,Old,Electronics,2,50,100,,,,,,,,,,,,,,nan,
800,2023-02-24,Male,32,Middle Age,Clothing,4,300,1200,,,,,,,,,,,,,,nan,
801,2023-08-10,Male,21,Adolescent,Clothing,4,50,200,,,,,,,,,,,,,,nan,
802,2023-07-05,Female,46,Middle Age,Beauty,1,30,30,,,,,,,,,,,,,,nan,
803,2023-11-22,Male,39,Middle Age,Clothing,4,25,100,,,,,,,,,,,,,,nan,
804,2023-08-24,Male,42,Middle Age,Electronics,1,30,30,,,,,,,,,,,,,,nan,
805,2023-12-29,Female,30,Adolescent,Beauty,3,500,1500,,,,,,,,,,,,,,nan,
806,2023-03-20,Female,35,Middle Age,Beauty,3,300,900,,,,,,,,,,,,,,nan,
807,2023-08-11,Female,50,Middle Age,Electronics,4,50,200,,,,,,,,,,,,,,nan,
808,2023-04-01,Male,33,Middle Age,Beauty,4,500,2000,,,,,,,,,,,,,,nan,
809,2023-09-25,Female,62,Old,Beauty,2,50,100,,,,,,,,,,,,,,nan,
810,2023-11-30,Male,59,Old,Electronics,4,25,100,,,,,,,,,,,,,,nan,
811,2023-05-19,Male,61,Old,Beauty,2,25,50,,,,,,,,,,,,,,nan,
812,2023-11-12,Male,19,Adolescent,Electronics,3,25,75,,,,,,,,,,,,,,nan,
813,2023-10-03,Male,52,Middle Age,Electronics,3,50,150,,,,,,,,,,,,,,nan,
814,2023-09-05,Female,59,Old,Clothing,1,500,500,,,,,,,,,,,,,,nan,
815,2023-08-27,Female,51,Middle Age,Clothing,3,25,75,,,,,,,,,,,,,,nan,
816,2023-08-12,Male,47,Middle Age,Beauty,2,500,1000,,,,,,,,,,,,,,nan,
817,2023-10-31,Male,30,Adolescent,Beauty,4,50,200,,,,,,,,,,,,,,nan,
818,2023-05-18,Male,30,Adolescent,Electronics,1,500,500,,,,,,,,,,,,,,nan,
819,2023-06-15,Female,35,Middle Age,Beauty,2,50,100,,,,,,,,,,,,,,nan,
820,2023-05-06,Male,49,Middle Age,Electronics,4,50,200,,,,,,,,,,,,,,nan,
821,2023-02-14,Male,49,Middle Age,Electronics,1,300,300,,,,,,,,,,,,,,nan,
822,2023-05-23,Female,52,Middle Age,Beauty,3,50,150,,,,,,,,,,,,,,nan,
823,2023-08-19,Female,56,Old,Electronics,2,50,100,,,,,,,,,,,,,,nan,
824,2023-05-05,Male,63,Old,Clothing,4,30,120,,,,,,,,,,,,,,nan,
825,2023-08-26,Female,46,Middle Age,Beauty,1,25,25,,,,,,,,,,,,,,nan,
826,2023-10-19,Female,46,Middle Age,Clothing,1,300,300,,,,,,,,,,,,,,nan,
827,2023-11-09,Male,61,Old,Beauty,3,300,900,,,,,,,,,,,,,,nan,
828,2023-12-09,Female,33,Middle Age,Electronics,4,300,1200,,,,,,,,,,,,,,nan,
829,2023-07-14,Male,61,Old,Beauty,3,30,90,,,,,,,,,,,,,,nan,
830,2023-06-22,Female,64,Old,Clothing,3,50,150,,,,,,,,,,,,,,nan,
831,2023-01-15,Male,27,Adolescent,Electronics,4,25,100,,,,,,,,,,,,,,nan,
832,2023-09-11,Male,47,Middle Age,Beauty,4,500,2000,,,,,,,,,,,,,,nan,
833,2023-06-16,Male,42,Middle Age,Beauty,4,50,200,,,,,,,,,,,,,,nan,
834,2023-04-04,Female,56,Old,Beauty,2,30,60,,,,,,,,,,,,,,nan,
835,2023-09-07,Male,37,Middle Age,Clothing,4,50,200,,,,,,,,,,,,,,nan,
836,2023-04-19,Female,22,Adolescent,Clothing,1,50,50,,,,,,,,,,,,,,nan,
837,2023-07-01,Male,18,Adolescent,Beauty,3,30,90,,,,,,,,,,,,,,nan,
838,2023-05-13,Male,47,Middle Age,Electronics,2,300,600,,,,,,,,,,,,,,nan,
839,2023-06-24,Female,20,Adolescent,Electronics,4,300,1200,,,,,,,,,,,,,,nan,
840,2023-05-24,Male,62,Old,Clothing,2,25,50,,,,,,,,,,,,,,nan,
841,2023-11-02,Male,31,Adolescent,Electronics,4,25,100,,,,,,,,,,,,,,nan,
842,2023-12-26,Female,47,Middle Age,Clothing,2,300,600,,,,,,,,,,,,,,nan,
843,2023-05-22,Male,21,Adolescent,Beauty,3,500,1500,,,,,,,,,,,,,,nan,
844,2023-10-12,Male,35,Middle Age,Clothing,3,50,150,,,,,,,,,,,,,,nan,
845,2023-01-06,Male,54,Middle Age,Clothing,1,500,500,,,,,,,,,,,,,,nan,
846,2023-09-22,Male,42,Middle Age,Beauty,1,50,50,,,,,,,,,,,,,,nan,
847,2023-04-08,Female,18,Adolescent,Electronics,4,300,1200,,,,,,,,,,,,,,nan,
848,2023-02-13,Female,63,Old,Clothing,3,25,75,,,,,,,,,,,,,,nan,
849,2023-05-04,Male,32,Middle Age,Clothing,2,25,50,,,,,,,,,,,,,,nan,
850,2023-07-28,Female,26,Adolescent,Beauty,2,500,1000,,,,,,,,,,,,,,nan,
851,2023-09-08,Male,32,Middle Age,Electronics,2,25,50,,,,,,,,,,,,,,nan,
852,2023-10-12,Female,41,Middle Age,Clothing,1,300,300,,,,,,,,,,,,,,nan,
853,2023-05-04,Male,21,Adolescent,Beauty,2,500,1000,,,,,,,,,,,,,,nan,
854,2023-12-20,Male,29,Adolescent,Clothing,1,50,50,,,,,,,,,,,,,,nan,
855,2023-09-01,Male,54,Middle Age,Beauty,1,25,25,,,,,,,,,,,,,,nan,
856,2023-11-27,Male,54,Middle Age,Electronics,4,30,120,,,,,,,,,,,,,,nan,
857,2023-12-31,Male,60,Old,Electronics,2,25,50,,,,,,,,,,,,,,nan,
858,2023-09-09,Male,23,Adolescent,Electronics,2,50,100,,,,,,,,,,,,,,nan,
859,2023-08-18,Female,56,Old,Electronics,3,500,1500,,,,,,,,,,,,,,nan,
860,2023-01-09,Male,63,Old,Clothing,4,50,200,,,,,,,,,,,,,,nan,
861,2023-02-17,Female,41,Middle Age,Clothing,3,30,90,,,,,,,,,,,,,,nan,
862,2023-05-31,Male,28,Adolescent,Electronics,4,300,1200,,,,,,,,,,,,,,nan,
863,2023-04-24,Female,30,Adolescent,Electronics,2,25,50,,,,,,,,,,,,,,nan,
864,2023-07-27,Female,51,Middle Age,Electronics,1,500,500,,,,,,,,,,,,,,nan,
865,2023-12-21,Female,42,Middle Age,Clothing,1,300,300,,,,,,,,,,,,,,nan,
866,2023-05-05,Male,24,Adolescent,Electronics,1,50,50,,,,,,,,,,,,,,nan,
867,2023-06-06,Male,21,Adolescent,Electronics,1,500,500,,,,,,,,,,,,,,nan,
868,2023-12-06,Female,25,Adolescent,Electronics,1,300,300,,,,,,,,,,,,,,nan,
869,2023-10-25,Male,37,Middle Age,Beauty,3,500,1500,,,,,,,,,,,,,,nan,
870,2023-07-08,Female,46,Middle Age,Electronics,4,30,120,,,,,,,,,,,,,,nan,
871,2023-08-31,Male,62,Old,Beauty,2,30,60,,,,,,,,,,,,,,nan,
872,2023-10-11,Female,63,Old,Beauty,3,25,75,,,,,,,,,,,,,,nan,
873,2023-09-29,Female,27,Adolescent,Electronics,4,25,100,,,,,,,,,,,,,,nan,
874,2023-06-26,Male,60,Old,Beauty,1,30,30,,,,,,,,,,,,,,nan,
875,2023-08-06,Female,51,Middle Age,Electronics,4,500,2000,,,,,,,,,,,,,,nan,
876,2023-10-09,Male,43,Middle Age,Clothing,4,30,120,,,,,,,,,,,,,,nan,
877,2023-06-19,Female,58,Old,Clothing,1,25,25,,,,,,,,,,,,,,nan,
878,2023-06-30,Female,20,Adolescent,Clothing,1,30,30,,,,,,,,,,,,,,nan,
879,2023-12-26,Male,23,Adolescent,Clothing,1,30,30,,,,,,,,,,,,,,nan,
880,2023-08-21,Male,22,Adolescent,Beauty,2,500,1000,,,,,,,,,,,,,,nan,
881,2023-05-19,Male,22,Adolescent,Electronics,1,300,300,,,,,,,,,,,,,,nan,
882,2023-06-06,Female,64,Old,Electronics,2,25,50,,,,,,,,,,,,,,nan,
883,2023-05-09,Male,40,Middle Age,Electronics,1,500,500,,,,,,,,,,,,,,nan,
884,2023-04-29,Female,26,Adolescent,Clothing,2,30,60,,,,,,,,,,,,,,nan,
885,2023-03-03,Female,52,Middle Age,Clothing,4,30,120,,,,,,,,,,,,,,nan,
886,2023-04-09,Male,37,Middle Age,Electronics,3,300,900,,,,,,,,,,,,,,nan,
887,2023-06-11,Male,59,Old,Clothing,4,25,100,,,,,,,,,,,,,,nan,
888,2023-03-03,Female,52,Middle Age,Electronics,4,25,100,,,,,,,,,,,,,,nan,
889,2023-10-02,Female,35,Middle Age,Electronics,1,50,50,,,,,,,,,,,,,,nan,
890,2023-12-20,Male,34,Middle Age,Electronics,2,25,50,,,,,,,,,,,,,,nan,
891,2023-04-05,Male,41,Middle Age,Electronics,3,300,900,,,,,,,,,,,,,,nan,
892,2023-04-09,Male,20,Adolescent,Electronics,1,50,50,,,,,,,,,,,,,,nan,
893,2023-04-21,Male,49,Middle Age,Electronics,1,50,50,,,,,,,,,,,,,,nan,
894,2023-09-05,Male,52,Middle Age,Electronics,1,30,30,,,,,,,,,,,,,,nan,
895,2023-05-22,Female,55,Old,Clothing,4,30,120,,,,,,,,,,,,,,nan,
896,2023-10-29,Female,30,Adolescent,Electronics,2,25,50,,,,,,,,,,,,,,nan,
897,2023-09-26,Female,64,Old,Electronics,2,50,100,,,,,,,,,,,,,,nan,
898,2023-11-02,Female,42,Middle Age,Clothing,3,30,90,,,,,,,,,,,,,,nan,
899,2023-05-25,Male,26,Adolescent,Clothing,2,300,600,,,,,,,,,,,,,,nan,
900,2023-02-21,Male,21,Adolescent,Clothing,2,30,60,,,,,,,,,,,,,,nan,
901,2023-04-10,Male,31,Adolescent,Electronics,1,30,30,,,,,,,,,,,,,,nan,
902,2023-06-01,Female,54,Middle Age,Beauty,1,50,50,,,,,,,,,,,,,,nan,
903,2023-04-27,Female,51,Middle Age,Beauty,4,50,200,,,,,,,,,,,,,,nan,
904,2023-07-04,Male,28,Adolescent,Clothing,1,500,500,,,,,,,,,,,,,,nan,
905,2023-04-02,Male,58,Old,Beauty,1,300,300,,,,,,,,,,,,,,nan,
906,2023-06-04,Female,20,Adolescent,Clothing,1,50,50,,,,,,,,,,,,,,nan,
907,2023-01-08,Female,45,Middle Age,Electronics,1,25,25,,,,,,,,,,,,,,nan,
908,2023-12-29,Male,46,Middle Age,Beauty,4,300,1200,,,,,,,,,,,,,,nan,
909,2023-10-01,Male,26,Adolescent,Electronics,1,300,300,,,,,,,,,,,,,,nan,
910,2023-03-06,Female,20,Adolescent,Beauty,3,50,150,,,,,,,,,,,,,,nan,
911,2023-05-21,Male,42,Middle Age,Electronics,3,300,900,,,,,,,,,,,,,,nan,
912,2023-01-24,Male,51,Middle Age,Beauty,3,50,150,,,,,,,,,,,,,,nan,
913,2023-01-28,Male,29,Adolescent,Electronics,3,30,90,,,,,,,,,,,,,,nan,
914,2023-10-11,Female,59,Old,Electronics,1,500,500,,,,,,,,,,,,,,nan,
915,2023-05-30,Female,26,Adolescent,Beauty,3,30,90,,,,,,,,,,,,,,nan,
916,2023-12-24,Female,32,Middle Age,Electronics,1,50,50,,,,,,,,,,,,,,nan,
917,2023-03-06,Female,57,Old,Electronics,4,50,200,,,,,,,,,,,,,,nan,
918,2023-11-23,Female,42,Middle Age,Electronics,3,30,90,,,,,,,,,,,,,,nan,
919,2023-09-09,Female,22,Adolescent,Beauty,2,25,50,,,,,,,,,,,,,,nan,
920,2023-02-22,Female,28,Adolescent,Beauty,3,25,75,,,,,,,,,,,,,,nan,
921,2023-01-07,Male,51,Middle Age,Electronics,3,25,75,,,,,,,,,,,,,,nan,
922,2023-10-21,Male,41,Middle Age,Electronics,1,50,50,,,,,,,,,,,,,,nan,
923,2023-05-26,Male,32,Middle Age,Beauty,3,300,900,,,,,,,,,,,,,,nan,
924,2023-08-29,Male,55,Old,Beauty,2,50,100,,,,,,,,,,,,,,nan,
925,2023-09-03,Male,25,Adolescent,Electronics,1,300,300,,,,,,,,,,,,,,nan,
926,2023-08-14,Male,22,Adolescent,Electronics,1,30,30,,,,,,,,,,,,,,nan,
927,2023-06-24,Male,43,Middle Age,Electronics,4,500,2000,,,,,,,,,,,,,,nan,
928,2023-04-05,Female,35,Middle Age,Clothing,4,300,1200,,,,,,,,,,,,,,nan,
929,2023-01-27,Female,23,Adolescent,Beauty,3,25,75,,,,,,,,,,,,,,nan,
930,2023-05-10,Male,54,Middle Age,Clothing,4,50,200,,,,,,,,,,,,,,nan,
931,2023-09-02,Male,30,Adolescent,Beauty,4,30,120,,,,,,,,,,,,,,nan,
932,2023-02-28,Female,45,Middle Age,Beauty,4,25,100,,,,,,,,,,,,,,nan,
933,2023-02-03,Male,22,Adolescent,Beauty,1,30,30,,,,,,,,,,,,,,nan,
934,2023-07-25,Male,30,Adolescent,Beauty,1,500,500,,,,,,,,,,,,,,nan,
935,2023-09-09,Female,34,Middle Age,Beauty,1,50,50,,,,,,,,,,,,,,nan,
936,2023-02-07,Male,57,Old,Beauty,4,50,200,,,,,,,,,,,,,,nan,
937,2023-10-23,Female,62,Old,Beauty,1,500,500,,,,,,,,,,,,,,nan,
938,2023-11-19,Male,49,Middle Age,Clothing,4,50,200,,,,,,,,,,,,,,nan,
939,2023-12-18,Female,46,Middle Age,Electronics,1,300,300,,,,,,,,,,,,,,nan,
940,2023-01-28,Female,20,Adolescent,Electronics,1,30,30,,,,,,,,,,,,,,nan,
941,2023-03-19,Female,57,Old,Clothing,2,25,50,,,,,,,,,,,,,,nan,
942,2023-03-18,Male,51,Middle Age,Clothing,3,500,1500,,,,,,,,,,,,,,nan,
943,2023-10-16,Female,57,Old,Clothing,4,300,1200,,,,,,,,,,,,,,nan,
944,2023-06-05,Male,44,Middle Age,Clothing,2,25,50,,,,,,,,,,,,,,nan,
945,2023-02-13,Male,30,Adolescent,Beauty,1,25,25,,,,,,,,,,,,,,nan,
946,2023-05-08,Male,62,Old,Electronics,4,500,2000,,,,,,,,,,,,,,nan,
947,2023-03-02,Male,50,Middle Age,Beauty,1,300,300,,,,,,,,,,,,,,nan,
948,2023-10-13,Female,23,Adolescent,Electronics,3,25,75,,,,,,,,,,,,,,nan,
949,2023-08-02,Female,41,Middle Age,Electronics,2,25,50,,,,,,,,,,,,,,nan,
950,2023-11-07,Male,36,Middle Age,Clothing,3,300,900,,,,,,,,,,,,,,nan,
951,2023-11-02,Male,33,Middle Age,Beauty,2,50,100,,,,,,,,,,,,,,nan,
952,2023-11-13,Female,57,Old,Clothing,1,25,25,,,,,,,,,,,,,,nan,
953,2023-04-26,Male,45,Middle Age,Beauty,3,30,90,,,,,,,,,,,,,,nan,
954,2023-09-25,Female,50,Middle Age,Electronics,3,300,900,,,,,,,,,,,,,,nan,
955,2023-07-14,Male,58,Old,Clothing,1,25,25,,,,,,,,,,,,,,nan,
956,2023-08-19,Male,30,Adolescent,Clothing,3,500,1500,,,,,,,,,,,,,,nan,
957,2023-08-15,Female,60,Old,Electronics,4,30,120,,,,,,,,,,,,,,nan,
958,2023-06-02,Male,62,Old,Electronics,2,25,50,,,,,,,,,,,,,,nan,
959,2023-10-29,Female,42,Middle Age,Electronics,2,30,60,,,,,,,,,,,,,,nan,
960,2023-08-08,Male,59,Old,Clothing,2,30,60,,,,,,,,,,,,,,nan,
961,2023-06-06,Male,53,Middle Age,Beauty,4,50,200,,,,,,,,,,,,,,nan,
962,2023-10-19,Male,44,Middle Age,Clothing,2,30,60,,,,,,,,,,,,,,nan,
963,2023-11-14,Female,55,Old,Beauty,1,50,50,,,,,,,,,,,,,,nan,
964,2023-01-31,Male,24,Adolescent,Clothing,3,300,900,,,,,,,,,,,,,,nan,
965,2023-11-09,Male,22,Adolescent,Clothing,4,50,200,,,,,,,,,,,,,,nan,
966,2023-02-20,Male,60,Old,Electronics,2,500,1000,,,,,,,,,,,,,,nan,
967,2023-04-17,Male,62,Old,Beauty,1,25,25,,,,,,,,,,,,,,nan,
968,2023-11-17,Female,48,Middle Age,Clothing,3,300,900,,,,,,,,,,,,,,nan,
969,2023-04-19,Female,40,Middle Age,Clothing,3,300,900,,,,,,,,,,,,,,nan,
970,2023-05-16,Male,59,Old,Electronics,4,500,2000,,,,,,,,,,,,,,nan,
971,2023-12-05,Female,27,Adolescent,Electronics,4,50,200,,,,,,,,,,,,,,nan,
972,2023-02-11,Male,49,Middle Age,Beauty,4,25,100,,,,,,,,,,,,,,nan,
973,2023-03-22,Male,60,Old,Clothing,1,50,50,,,,,,,,,,,,,,nan,
974,2023-05-03,Male,47,Middle Age,Beauty,1,30,30,,,,,,,,,,,,,,nan,
975,2023-03-30,Female,56,Old,Clothing,4,50,200,,,,,,,,,,,,,,nan,
976,2023-10-10,Female,48,Middle Age,Beauty,2,300,600,,,,,,,,,,,,,,nan,
977,2023-02-08,Female,35,Middle Age,Electronics,3,25,75,,,,,,,,,,,,,,nan,
978,2023-03-22,Female,53,Middle Age,Clothing,3,50,150,,,,,,,,,,,,,,nan,
979,2023-01-02,Female,19,Adolescent,Beauty,1,25,25,,,,,,,,,,,,,,nan,
980,2023-07-29,Female,31,Adolescent,Electronics,3,25,75,,,,,,,,,,,,,,nan,
981,2023-08-19,Female,30,Adolescent,Electronics,2,30,60,,,,,,,,,,,,,,nan,
982,2023-12-19,Female,46,Middle Age,Beauty,3,30,90,,,,,,,,,,,,,,nan,
983,2023-11-01,Female,29,Adolescent,Clothing,1,300,300,,,,,,,,,,,,,,nan,
984,2023-08-29,Male,56,Old,Clothing,1,500,500,,,,,,,,,,,,,,nan,
985,2023-05-30,Female,19,Adolescent,Electronics,2,25,50,,,,,,,,,,,,,,nan,
986,2023-01-17,Female,49,Middle Age,Clothing,2,500,1000,,,,,,,,,,,,,,nan,
987,2023-04-29,Female,30,Adolescent,Clothing,3,300,900,,,,,,,,,,,,,,nan,
988,2023-05-28,Female,63,Old,Clothing,3,25,75,,,,,,,,,,,,,,nan,
989,2023-12-28,Female,44,Middle Age,Electronics,1,25,25,,,,,,,,,,,,,,nan,
990,2023-05-25,Female,58,Old,Beauty,2,500,1000,,,,,,,,,,,,,,nan,
991,2023-12-26,Female,34,Middle Age,Clothing,2,50,100,,,,,,,,,,,,,,nan,
992,2023-08-21,Female,57,Old,Electronics,2,30,60,,,,,,,,,,,,,,nan,
993,2023-02-06,Female,48,Middle Age,Electronics,3,50,150,,,,,,,,,,,,,,nan,
994,2023-12-18,Female,51,Middle Age,Beauty,2,500,1000,,,,,,,,,,,,,,nan,
995,2023-04-30,Female,41,Middle Age,Clothing,1,30,30,,,,,,,,,,,,,,nan,
996,2023-05-16,Male,62,Old,Clothing,1,50,50,,,,,,,,,,,,,,nan,
997,2023-11-17,Male,52,Middle Age,Beauty,3,30,90,,,,,,,,,,,,,,nan,
998,2023-10-29,Female,23,Adolescent,Beauty,4,25,100,,,,,,,,,,,,,,nan,
999,2023-12-05,Female,36,Middle Age,Electronics,3,50,150,,,,,,,,,,,,,,nan,
1000,2023-04-12,Male,47,Middle Age,Electronics,4,30,120,,,,,,,,,,,,,,nan,
